row_id,char,unicode,codepoint,scope_status,authority_layer,unicode_identity_status,raw_structure_label,normalized_structure_label,structure_join_status,decomposition_tree,decomposition_join_status,character_components,non_character_components,basic_components,component_names,component_name_status,single_component_status,radical_context_status,stroke_context_status,source_grade,source_refs,cross_reference_refs,blocker,next_required_action,gf0017_points_assigned,final_structure_label,cnbe_write_status,database_rebuild_status,review_notice
8105_core_control_001,㑇,U+3447,13383,8105_core_control,national_standard_core_pending_structure_decomposition_extraction,PASS_UNICODE_IDENTITY,,,STRUCTURE_STANDARD_SOURCE_EXTRACTION_REQUIRED,,DECOMPOSITION_STANDARD_SOURCE_EXTRACTION_REQUIRED,,,,,COMPONENT_NAMES_STANDARD_SOURCE_REQUIRED,SINGLE_COMPONENT_SOURCE_CHECK_REQUIRED,RADICAL_STANDARD_SOURCE_CHECK_REQUIRED,STANDARD_DERIVED_STROKE_JOIN_READY,standard_extraction_planned_not_joined,GF0014_2009_COMPONENT_NAMES;GB13000_COMPONENT_SPEC_1998;GF0013_2009_SINGLE_COMPONENT;GG0011_2009_RADICALS;GF0031_2026_STROKE_ORDER;GF3002_1999_STROKE_ORDER;GB13000_FOLDED_STROKE;GF3003_1999_STROKE_ORDERING,NO_DICTIONARY_CONTEXT,MISSING_STANDARD_STRUCTURE_SOURCE;MISSING_STANDARD_DECOMPOSITION_SOURCE,run_bounded_standard_source_extractor_with_human_review_gate,0,,NO_CNBE_WRITE,NO_DATABASE_REBUILD,STANDARDIZER_HANDOFF_ONLY_NOT_SCORE_OR_ENCODING
8105_core_control_002,三,U+4E09,19977,8105_core_control,national_standard_core_pending_structure_decomposition_extraction,PASS_UNICODE_IDENTITY,,,STRUCTURE_STANDARD_SOURCE_EXTRACTION_REQUIRED,,DECOMPOSITION_STANDARD_SOURCE_EXTRACTION_REQUIRED,,,,,COMPONENT_NAMES_STANDARD_SOURCE_REQUIRED,SINGLE_COMPONENT_SOURCE_CHECK_REQUIRED,RADICAL_STANDARD_SOURCE_CHECK_REQUIRED,STANDARD_DERIVED_STROKE_JOIN_READY,standard_extraction_planned_not_joined,GF0014_2009_COMPONENT_NAMES;GB13000_COMPONENT_SPEC_1998;GF0013_2009_SINGLE_COMPONENT;GG0011_2009_RADICALS;GF0031_2026_STROKE_ORDER;GF3002_1999_STROKE_ORDER;GB13000_FOLDED_STROKE;GF3003_1999_STROKE_ORDERING,CROSS_REFERENCE_CONTEXT_AVAILABLE,MISSING_STANDARD_STRUCTURE_SOURCE;MISSING_STANDARD_DECOMPOSITION_SOURCE,run_bounded_standard_source_extractor_with_human_review_gate,0,,NO_CNBE_WRITE,NO_DATABASE_REBUILD,STANDARDIZER_HANDOFF_ONLY_NOT_SCORE_OR_ENCODING
8105_core_control_003,亡,U+4EA1,20129,8105_core_control,national_standard_core_pending_structure_decomposition_extraction,PASS_UNICODE_IDENTITY,,,STRUCTURE_STANDARD_SOURCE_EXTRACTION_REQUIRED,,DECOMPOSITION_STANDARD_SOURCE_EXTRACTION_REQUIRED,,,,,COMPONENT_NAMES_STANDARD_SOURCE_REQUIRED,SINGLE_COMPONENT_SOURCE_CHECK_REQUIRED,RADICAL_STANDARD_SOURCE_CHECK_REQUIRED,STANDARD_DERIVED_STROKE_JOIN_READY,standard_extraction_planned_not_joined,GF0014_2009_COMPONENT_NAMES;GB13000_COMPONENT_SPEC_1998;GF0013_2009_SINGLE_COMPONENT;GG0011_2009_RADICALS;GF0031_2026_STROKE_ORDER;GF3002_1999_STROKE_ORDER;GB13000_FOLDED_STROKE;GF3003_1999_STROKE_ORDERING,CROSS_REFERENCE_CONTEXT_AVAILABLE,MISSING_STANDARD_STRUCTURE_SOURCE;MISSING_STANDARD_DECOMPOSITION_SOURCE,run_bounded_standard_source_extractor_with_human_review_gate,0,,NO_CNBE_WRITE,NO_DATABASE_REBUILD,STANDARDIZER_HANDOFF_ONLY_NOT_SCORE_OR_ENCODING
8105_core_control_004,伥,U+4F25,20261,8105_core_control,national_standard_core_pending_structure_decomposition_extraction,PASS_UNICODE_IDENTITY,,,STRUCTURE_STANDARD_SOURCE_EXTRACTION_REQUIRED,,DECOMPOSITION_STANDARD_SOURCE_EXTRACTION_REQUIRED,,,,,COMPONENT_NAMES_STANDARD_SOURCE_REQUIRED,SINGLE_COMPONENT_SOURCE_CHECK_REQUIRED,RADICAL_STANDARD_SOURCE_CHECK_REQUIRED,STANDARD_DERIVED_STROKE_JOIN_READY,standard_extraction_planned_not_joined,GF0014_2009_COMPONENT_NAMES;GB13000_COMPONENT_SPEC_1998;GF0013_2009_SINGLE_COMPONENT;GG0011_2009_RADICALS;GF0031_2026_STROKE_ORDER;GF3002_1999_STROKE_ORDER;GB13000_FOLDED_STROKE;GF3003_1999_STROKE_ORDERING,NO_DICTIONARY_CONTEXT,MISSING_STANDARD_STRUCTURE_SOURCE;MISSING_STANDARD_DECOMPOSITION_SOURCE,run_bounded_standard_source_extractor_with_human_review_gate,0,,NO_CNBE_WRITE,NO_DATABASE_REBUILD,STANDARDIZER_HANDOFF_ONLY_NOT_SCORE_OR_ENCODING
8105_core_control_005,侵,U+4FB5,20405,8105_core_control,national_standard_core_pending_structure_decomposition_extraction,PASS_UNICODE_IDENTITY,,,STRUCTURE_STANDARD_SOURCE_EXTRACTION_REQUIRED,,DECOMPOSITION_STANDARD_SOURCE_EXTRACTION_REQUIRED,,,,,COMPONENT_NAMES_STANDARD_SOURCE_REQUIRED,SINGLE_COMPONENT_SOURCE_CHECK_REQUIRED,RADICAL_STANDARD_SOURCE_CHECK_REQUIRED,STANDARD_DERIVED_STROKE_JOIN_READY,standard_extraction_planned_not_joined,GF0014_2009_COMPONENT_NAMES;GB13000_COMPONENT_SPEC_1998;GF0013_2009_SINGLE_COMPONENT;GG0011_2009_RADICALS;GF0031_2026_STROKE_ORDER;GF3002_1999_STROKE_ORDER;GB13000_FOLDED_STROKE;GF3003_1999_STROKE_ORDERING,CROSS_REFERENCE_CONTEXT_AVAILABLE,MISSING_STANDARD_STRUCTURE_SOURCE;MISSING_STANDARD_DECOMPOSITION_SOURCE,run_bounded_standard_source_extractor_with_human_review_gate,0,,NO_CNBE_WRITE,NO_DATABASE_REBUILD,STANDARDIZER_HANDOFF_ONLY_NOT_SCORE_OR_ENCODING
8105_core_control_006,偶,U+5076,20598,8105_core_control,national_standard_core_pending_structure_decomposition_extraction,PASS_UNICODE_IDENTITY,,,STRUCTURE_STANDARD_SOURCE_EXTRACTION_REQUIRED,,DECOMPOSITION_STANDARD_SOURCE_EXTRACTION_REQUIRED,,,,,COMPONENT_NAMES_STANDARD_SOURCE_REQUIRED,SINGLE_COMPONENT_SOURCE_CHECK_REQUIRED,RADICAL_STANDARD_SOURCE_CHECK_REQUIRED,STANDARD_DERIVED_STROKE_JOIN_READY,standard_extraction_planned_not_joined,GF0014_2009_COMPONENT_NAMES;GB13000_COMPONENT_SPEC_1998;GF0013_2009_SINGLE_COMPONENT;GG0011_2009_RADICALS;GF0031_2026_STROKE_ORDER;GF3002_1999_STROKE_ORDER;GB13000_FOLDED_STROKE;GF3003_1999_STROKE_ORDERING,CROSS_REFERENCE_CONTEXT_AVAILABLE,MISSING_STANDARD_STRUCTURE_SOURCE;MISSING_STANDARD_DECOMPOSITION_SOURCE,run_bounded_standard_source_extractor_with_human_review_gate,0,,NO_CNBE_WRITE,NO_DATABASE_REBUILD,STANDARDIZER_HANDOFF_ONLY_NOT_SCORE_OR_ENCODING
8105_core_control_007,冁,U+5181,20865,8105_core_control,national_standard_core_pending_structure_decomposition_extraction,PASS_UNICODE_IDENTITY,,,STRUCTURE_STANDARD_SOURCE_EXTRACTION_REQUIRED,,DECOMPOSITION_STANDARD_SOURCE_EXTRACTION_REQUIRED,,,,,COMPONENT_NAMES_STANDARD_SOURCE_REQUIRED,SINGLE_COMPONENT_SOURCE_CHECK_REQUIRED,RADICAL_STANDARD_SOURCE_CHECK_REQUIRED,STANDARD_DERIVED_STROKE_JOIN_READY,standard_extraction_planned_not_joined,GF0014_2009_COMPONENT_NAMES;GB13000_COMPONENT_SPEC_1998;GF0013_2009_SINGLE_COMPONENT;GG0011_2009_RADICALS;GF0031_2026_STROKE_ORDER;GF3002_1999_STROKE_ORDER;GB13000_FOLDED_STROKE;GF3003_1999_STROKE_ORDERING,NO_DICTIONARY_CONTEXT,MISSING_STANDARD_STRUCTURE_SOURCE;MISSING_STANDARD_DECOMPOSITION_SOURCE,run_bounded_standard_source_extractor_with_human_review_gate,0,,NO_CNBE_WRITE,NO_DATABASE_REBUILD,STANDARDIZER_HANDOFF_ONLY_NOT_SCORE_OR_ENCODING
8105_core_control_008,别,U+522B,21035,8105_core_control,national_standard_core_pending_structure_decomposition_extraction,PASS_UNICODE_IDENTITY,,,STRUCTURE_STANDARD_SOURCE_EXTRACTION_REQUIRED,,DECOMPOSITION_STANDARD_SOURCE_EXTRACTION_REQUIRED,,,,,COMPONENT_NAMES_STANDARD_SOURCE_REQUIRED,SINGLE_COMPONENT_SOURCE_CHECK_REQUIRED,RADICAL_STANDARD_SOURCE_CHECK_REQUIRED,STANDARD_DERIVED_STROKE_JOIN_READY,standard_extraction_planned_not_joined,GF0014_2009_COMPONENT_NAMES;GB13000_COMPONENT_SPEC_1998;GF0013_2009_SINGLE_COMPONENT;GG0011_2009_RADICALS;GF0031_2026_STROKE_ORDER;GF3002_1999_STROKE_ORDER;GB13000_FOLDED_STROKE;GF3003_1999_STROKE_ORDERING,CROSS_REFERENCE_CONTEXT_AVAILABLE,MISSING_STANDARD_STRUCTURE_SOURCE;MISSING_STANDARD_DECOMPOSITION_SOURCE,run_bounded_standard_source_extractor_with_human_review_gate,0,,NO_CNBE_WRITE,NO_DATABASE_REBUILD,STANDARDIZER_HANDOFF_ONLY_NOT_SCORE_OR_ENCODING
8105_core_control_009,勾,U+52FE,21246,8105_core_control,national_standard_core_pending_structure_decomposition_extraction,PASS_UNICODE_IDENTITY,,,STRUCTURE_STANDARD_SOURCE_EXTRACTION_REQUIRED,,DECOMPOSITION_STANDARD_SOURCE_EXTRACTION_REQUIRED,,,,,COMPONENT_NAMES_STANDARD_SOURCE_REQUIRED,SINGLE_COMPONENT_SOURCE_CHECK_REQUIRED,RADICAL_STANDARD_SOURCE_CHECK_REQUIRED,STANDARD_DERIVED_STROKE_JOIN_READY,standard_extraction_planned_not_joined,GF0014_2009_COMPONENT_NAMES;GB13000_COMPONENT_SPEC_1998;GF0013_2009_SINGLE_COMPONENT;GG0011_2009_RADICALS;GF0031_2026_STROKE_ORDER;GF3002_1999_STROKE_ORDER;GB13000_FOLDED_STROKE;GF3003_1999_STROKE_ORDERING,CROSS_REFERENCE_CONTEXT_AVAILABLE,MISSING_STANDARD_STRUCTURE_SOURCE;MISSING_STANDARD_DECOMPOSITION_SOURCE,run_bounded_standard_source_extractor_with_human_review_gate,0,,NO_CNBE_WRITE,NO_DATABASE_REBUILD,STANDARDIZER_HANDOFF_ONLY_NOT_SCORE_OR_ENCODING
8105_core_control_010,厥,U+53A5,21413,8105_core_control,national_standard_core_pending_structure_decomposition_extraction,PASS_UNICODE_IDENTITY,,,STRUCTURE_STANDARD_SOURCE_EXTRACTION_REQUIRED,,DECOMPOSITION_STANDARD_SOURCE_EXTRACTION_REQUIRED,,,,,COMPONENT_NAMES_STANDARD_SOURCE_REQUIRED,SINGLE_COMPONENT_SOURCE_CHECK_REQUIRED,RADICAL_STANDARD_SOURCE_CHECK_REQUIRED,STANDARD_DERIVED_STROKE_JOIN_READY,standard_extraction_planned_not_joined,GF0014_2009_COMPONENT_NAMES;GB13000_COMPONENT_SPEC_1998;GF0013_2009_SINGLE_COMPONENT;GG0011_2009_RADICALS;GF0031_2026_STROKE_ORDER;GF3002_1999_STROKE_ORDER;GB13000_FOLDED_STROKE;GF3003_1999_STROKE_ORDERING,CROSS_REFERENCE_CONTEXT_AVAILABLE,MISSING_STANDARD_STRUCTURE_SOURCE;MISSING_STANDARD_DECOMPOSITION_SOURCE,run_bounded_standard_source_extractor_with_human_review_gate,0,,NO_CNBE_WRITE,NO_DATABASE_REBUILD,STANDARDIZER_HANDOFF_ONLY_NOT_SCORE_OR_ENCODING
8105_core_control_011,含,U+542B,21547,8105_core_control,national_standard_core_pending_structure_decomposition_extraction,PASS_UNICODE_IDENTITY,,,STRUCTURE_STANDARD_SOURCE_EXTRACTION_REQUIRED,,DECOMPOSITION_STANDARD_SOURCE_EXTRACTION_REQUIRED,,,,,COMPONENT_NAMES_STANDARD_SOURCE_REQUIRED,SINGLE_COMPONENT_SOURCE_CHECK_REQUIRED,RADICAL_STANDARD_SOURCE_CHECK_REQUIRED,STANDARD_DERIVED_STROKE_JOIN_READY,standard_extraction_planned_not_joined,GF0014_2009_COMPONENT_NAMES;GB13000_COMPONENT_SPEC_1998;GF0013_2009_SINGLE_COMPONENT;GG0011_2009_RADICALS;GF0031_2026_STROKE_ORDER;GF3002_1999_STROKE_ORDER;GB13000_FOLDED_STROKE;GF3003_1999_STROKE_ORDERING,CROSS_REFERENCE_CONTEXT_AVAILABLE,MISSING_STANDARD_STRUCTURE_SOURCE;MISSING_STANDARD_DECOMPOSITION_SOURCE,run_bounded_standard_source_extractor_with_human_review_gate,0,,NO_CNBE_WRITE,NO_DATABASE_REBUILD,STANDARDIZER_HANDOFF_ONLY_NOT_SCORE_OR_ENCODING
8105_core_control_012,咳,U+54B3,21683,8105_core_control,national_standard_core_pending_structure_decomposition_extraction,PASS_UNICODE_IDENTITY,,,STRUCTURE_STANDARD_SOURCE_EXTRACTION_REQUIRED,,DECOMPOSITION_STANDARD_SOURCE_EXTRACTION_REQUIRED,,,,,COMPONENT_NAMES_STANDARD_SOURCE_REQUIRED,SINGLE_COMPONENT_SOURCE_CHECK_REQUIRED,RADICAL_STANDARD_SOURCE_CHECK_REQUIRED,STANDARD_DERIVED_STROKE_JOIN_READY,standard_extraction_planned_not_joined,GF0014_2009_COMPONENT_NAMES;GB13000_COMPONENT_SPEC_1998;GF0013_2009_SINGLE_COMPONENT;GG0011_2009_RADICALS;GF0031_2026_STROKE_ORDER;GF3002_1999_STROKE_ORDER;GB13000_FOLDED_STROKE;GF3003_1999_STROKE_ORDERING,CROSS_REFERENCE_CONTEXT_AVAILABLE,MISSING_STANDARD_STRUCTURE_SOURCE;MISSING_STANDARD_DECOMPOSITION_SOURCE,run_bounded_standard_source_extractor_with_human_review_gate,0,,NO_CNBE_WRITE,NO_DATABASE_REBUILD,STANDARDIZER_HANDOFF_ONLY_NOT_SCORE_OR_ENCODING
8105_core_control_013,啕,U+5555,21845,8105_core_control,national_standard_core_pending_structure_decomposition_extraction,PASS_UNICODE_IDENTITY,,,STRUCTURE_STANDARD_SOURCE_EXTRACTION_REQUIRED,,DECOMPOSITION_STANDARD_SOURCE_EXTRACTION_REQUIRED,,,,,COMPONENT_NAMES_STANDARD_SOURCE_REQUIRED,SINGLE_COMPONENT_SOURCE_CHECK_REQUIRED,RADICAL_STANDARD_SOURCE_CHECK_REQUIRED,STANDARD_DERIVED_STROKE_JOIN_READY,standard_extraction_planned_not_joined,GF0014_2009_COMPONENT_NAMES;GB13000_COMPONENT_SPEC_1998;GF0013_2009_SINGLE_COMPONENT;GG0011_2009_RADICALS;GF0031_2026_STROKE_ORDER;GF3002_1999_STROKE_ORDER;GB13000_FOLDED_STROKE;GF3003_1999_STROKE_ORDERING,NO_DICTIONARY_CONTEXT,MISSING_STANDARD_STRUCTURE_SOURCE;MISSING_STANDARD_DECOMPOSITION_SOURCE,run_bounded_standard_source_extractor_with_human_review_gate,0,,NO_CNBE_WRITE,NO_DATABASE_REBUILD,STANDARDIZER_HANDOFF_ONLY_NOT_SCORE_OR_ENCODING
8105_core_control_014,嘀,U+5600,22016,8105_core_control,national_standard_core_pending_structure_decomposition_extraction,PASS_UNICODE_IDENTITY,,,STRUCTURE_STANDARD_SOURCE_EXTRACTION_REQUIRED,,DECOMPOSITION_STANDARD_SOURCE_EXTRACTION_REQUIRED,,,,,COMPONENT_NAMES_STANDARD_SOURCE_REQUIRED,SINGLE_COMPONENT_SOURCE_CHECK_REQUIRED,RADICAL_STANDARD_SOURCE_CHECK_REQUIRED,STANDARD_DERIVED_STROKE_JOIN_READY,standard_extraction_planned_not_joined,GF0014_2009_COMPONENT_NAMES;GB13000_COMPONENT_SPEC_1998;GF0013_2009_SINGLE_COMPONENT;GG0011_2009_RADICALS;GF0031_2026_STROKE_ORDER;GF3002_1999_STROKE_ORDER;GB13000_FOLDED_STROKE;GF3003_1999_STROKE_ORDERING,CROSS_REFERENCE_CONTEXT_AVAILABLE,MISSING_STANDARD_STRUCTURE_SOURCE;MISSING_STANDARD_DECOMPOSITION_SOURCE,run_bounded_standard_source_extractor_with_human_review_gate,0,,NO_CNBE_WRITE,NO_DATABASE_REBUILD,STANDARDIZER_HANDOFF_ONLY_NOT_SCORE_OR_ENCODING
8105_core_control_015,圄,U+5704,22276,8105_core_control,national_standard_core_pending_structure_decomposition_extraction,PASS_UNICODE_IDENTITY,,,STRUCTURE_STANDARD_SOURCE_EXTRACTION_REQUIRED,,DECOMPOSITION_STANDARD_SOURCE_EXTRACTION_REQUIRED,,,,,COMPONENT_NAMES_STANDARD_SOURCE_REQUIRED,SINGLE_COMPONENT_SOURCE_CHECK_REQUIRED,RADICAL_STANDARD_SOURCE_CHECK_REQUIRED,STANDARD_DERIVED_STROKE_JOIN_READY,standard_extraction_planned_not_joined,GF0014_2009_COMPONENT_NAMES;GB13000_COMPONENT_SPEC_1998;GF0013_2009_SINGLE_COMPONENT;GG0011_2009_RADICALS;GF0031_2026_STROKE_ORDER;GF3002_1999_STROKE_ORDER;GB13000_FOLDED_STROKE;GF3003_1999_STROKE_ORDERING,NO_DICTIONARY_CONTEXT,MISSING_STANDARD_STRUCTURE_SOURCE;MISSING_STANDARD_DECOMPOSITION_SOURCE,run_bounded_standard_source_extractor_with_human_review_gate,0,,NO_CNBE_WRITE,NO_DATABASE_REBUILD,STANDARDIZER_HANDOFF_ONLY_NOT_SCORE_OR_ENCODING
8105_core_control_016,垟,U+579F,22431,8105_core_control,national_standard_core_pending_structure_decomposition_extraction,PASS_UNICODE_IDENTITY,,,STRUCTURE_STANDARD_SOURCE_EXTRACTION_REQUIRED,,DECOMPOSITION_STANDARD_SOURCE_EXTRACTION_REQUIRED,,,,,COMPONENT_NAMES_STANDARD_SOURCE_REQUIRED,SINGLE_COMPONENT_SOURCE_CHECK_REQUIRED,RADICAL_STANDARD_SOURCE_CHECK_REQUIRED,STANDARD_DERIVED_STROKE_JOIN_READY,standard_extraction_planned_not_joined,GF0014_2009_COMPONENT_NAMES;GB13000_COMPONENT_SPEC_1998;GF0013_2009_SINGLE_COMPONENT;GG0011_2009_RADICALS;GF0031_2026_STROKE_ORDER;GF3002_1999_STROKE_ORDER;GB13000_FOLDED_STROKE;GF3003_1999_STROKE_ORDERING,CROSS_REFERENCE_CONTEXT_AVAILABLE,MISSING_STANDARD_STRUCTURE_SOURCE;MISSING_STANDARD_DECOMPOSITION_SOURCE,run_bounded_standard_source_extractor_with_human_review_gate,0,,NO_CNBE_WRITE,NO_DATABASE_REBUILD,STANDARDIZER_HANDOFF_ONLY_NOT_SCORE_OR_ENCODING
8105_core_control_017,塑,U+5851,22609,8105_core_control,national_standard_core_pending_structure_decomposition_extraction,PASS_UNICODE_IDENTITY,,,STRUCTURE_STANDARD_SOURCE_EXTRACTION_REQUIRED,,DECOMPOSITION_STANDARD_SOURCE_EXTRACTION_REQUIRED,,,,,COMPONENT_NAMES_STANDARD_SOURCE_REQUIRED,SINGLE_COMPONENT_SOURCE_CHECK_REQUIRED,RADICAL_STANDARD_SOURCE_CHECK_REQUIRED,STANDARD_DERIVED_STROKE_JOIN_READY,standard_extraction_planned_not_joined,GF0014_2009_COMPONENT_NAMES;GB13000_COMPONENT_SPEC_1998;GF0013_2009_SINGLE_COMPONENT;GG0011_2009_RADICALS;GF0031_2026_STROKE_ORDER;GF3002_1999_STROKE_ORDER;GB13000_FOLDED_STROKE;GF3003_1999_STROKE_ORDERING,CROSS_REFERENCE_CONTEXT_AVAILABLE,MISSING_STANDARD_STRUCTURE_SOURCE;MISSING_STANDARD_DECOMPOSITION_SOURCE,run_bounded_standard_source_extractor_with_human_review_gate,0,,NO_CNBE_WRITE,NO_DATABASE_REBUILD,STANDARDIZER_HANDOFF_ONLY_NOT_SCORE_OR_ENCODING
8105_core_control_018,契,U+5951,22865,8105_core_control,national_standard_core_pending_structure_decomposition_extraction,PASS_UNICODE_IDENTITY,,,STRUCTURE_STANDARD_SOURCE_EXTRACTION_REQUIRED,,DECOMPOSITION_STANDARD_SOURCE_EXTRACTION_REQUIRED,,,,,COMPONENT_NAMES_STANDARD_SOURCE_REQUIRED,SINGLE_COMPONENT_SOURCE_CHECK_REQUIRED,RADICAL_STANDARD_SOURCE_CHECK_REQUIRED,STANDARD_DERIVED_STROKE_JOIN_READY,standard_extraction_planned_not_joined,GF0014_2009_COMPONENT_NAMES;GB13000_COMPONENT_SPEC_1998;GF0013_2009_SINGLE_COMPONENT;GG0011_2009_RADICALS;GF0031_2026_STROKE_ORDER;GF3002_1999_STROKE_ORDER;GB13000_FOLDED_STROKE;GF3003_1999_STROKE_ORDERING,CROSS_REFERENCE_CONTEXT_AVAILABLE,MISSING_STANDARD_STRUCTURE_SOURCE;MISSING_STANDARD_DECOMPOSITION_SOURCE,run_bounded_standard_source_extractor_with_human_review_gate,0,,NO_CNBE_WRITE,NO_DATABASE_REBUILD,STANDARDIZER_HANDOFF_ONLY_NOT_SCORE_OR_ENCODING
8105_core_control_019,娅,U+5A05,23045,8105_core_control,national_standard_core_pending_structure_decomposition_extraction,PASS_UNICODE_IDENTITY,,,STRUCTURE_STANDARD_SOURCE_EXTRACTION_REQUIRED,,DECOMPOSITION_STANDARD_SOURCE_EXTRACTION_REQUIRED,,,,,COMPONENT_NAMES_STANDARD_SOURCE_REQUIRED,SINGLE_COMPONENT_SOURCE_CHECK_REQUIRED,RADICAL_STANDARD_SOURCE_CHECK_REQUIRED,STANDARD_DERIVED_STROKE_JOIN_READY,standard_extraction_planned_not_joined,GF0014_2009_COMPONENT_NAMES;GB13000_COMPONENT_SPEC_1998;GF0013_2009_SINGLE_COMPONENT;GG0011_2009_RADICALS;GF0031_2026_STROKE_ORDER;GF3002_1999_STROKE_ORDER;GB13000_FOLDED_STROKE;GF3003_1999_STROKE_ORDERING,CROSS_REFERENCE_CONTEXT_AVAILABLE,MISSING_STANDARD_STRUCTURE_SOURCE;MISSING_STANDARD_DECOMPOSITION_SOURCE,run_bounded_standard_source_extractor_with_human_review_gate,0,,NO_CNBE_WRITE,NO_DATABASE_REBUILD,STANDARDIZER_HANDOFF_ONLY_NOT_SCORE_OR_ENCODING
8105_core_control_020,嫭,U+5AED,23277,8105_core_control,national_standard_core_pending_structure_decomposition_extraction,PASS_UNICODE_IDENTITY,,,STRUCTURE_STANDARD_SOURCE_EXTRACTION_REQUIRED,,DECOMPOSITION_STANDARD_SOURCE_EXTRACTION_REQUIRED,,,,,COMPONENT_NAMES_STANDARD_SOURCE_REQUIRED,SINGLE_COMPONENT_SOURCE_CHECK_REQUIRED,RADICAL_STANDARD_SOURCE_CHECK_REQUIRED,STANDARD_DERIVED_STROKE_JOIN_READY,standard_extraction_planned_not_joined,GF0014_2009_COMPONENT_NAMES;GB13000_COMPONENT_SPEC_1998;GF0013_2009_SINGLE_COMPONENT;GG0011_2009_RADICALS;GF0031_2026_STROKE_ORDER;GF3002_1999_STROKE_ORDER;GB13000_FOLDED_STROKE;GF3003_1999_STROKE_ORDERING,NO_DICTIONARY_CONTEXT,MISSING_STANDARD_STRUCTURE_SOURCE;MISSING_STANDARD_DECOMPOSITION_SOURCE,run_bounded_standard_source_extractor_with_human_review_gate,0,,NO_CNBE_WRITE,NO_DATABASE_REBUILD,STANDARDIZER_HANDOFF_ONLY_NOT_SCORE_OR_ENCODING
8105_core_control_021,宿,U+5BBF,23487,8105_core_control,national_standard_core_pending_structure_decomposition_extraction,PASS_UNICODE_IDENTITY,,,STRUCTURE_STANDARD_SOURCE_EXTRACTION_REQUIRED,,DECOMPOSITION_STANDARD_SOURCE_EXTRACTION_REQUIRED,,,,,COMPONENT_NAMES_STANDARD_SOURCE_REQUIRED,SINGLE_COMPONENT_SOURCE_CHECK_REQUIRED,RADICAL_STANDARD_SOURCE_CHECK_REQUIRED,STANDARD_DERIVED_STROKE_JOIN_READY,standard_extraction_planned_not_joined,GF0014_2009_COMPONENT_NAMES;GB13000_COMPONENT_SPEC_1998;GF0013_2009_SINGLE_COMPONENT;GG0011_2009_RADICALS;GF0031_2026_STROKE_ORDER;GF3002_1999_STROKE_ORDER;GB13000_FOLDED_STROKE;GF3003_1999_STROKE_ORDERING,CROSS_REFERENCE_CONTEXT_AVAILABLE,MISSING_STANDARD_STRUCTURE_SOURCE;MISSING_STANDARD_DECOMPOSITION_SOURCE,run_bounded_standard_source_extractor_with_human_review_gate,0,,NO_CNBE_WRITE,NO_DATABASE_REBUILD,STANDARDIZER_HANDOFF_ONLY_NOT_SCORE_OR_ENCODING
8105_core_control_022,屼,U+5C7C,23676,8105_core_control,national_standard_core_pending_structure_decomposition_extraction,PASS_UNICODE_IDENTITY,,,STRUCTURE_STANDARD_SOURCE_EXTRACTION_REQUIRED,,DECOMPOSITION_STANDARD_SOURCE_EXTRACTION_REQUIRED,,,,,COMPONENT_NAMES_STANDARD_SOURCE_REQUIRED,SINGLE_COMPONENT_SOURCE_CHECK_REQUIRED,RADICAL_STANDARD_SOURCE_CHECK_REQUIRED,STANDARD_DERIVED_STROKE_JOIN_READY,standard_extraction_planned_not_joined,GF0014_2009_COMPONENT_NAMES;GB13000_COMPONENT_SPEC_1998;GF0013_2009_SINGLE_COMPONENT;GG0011_2009_RADICALS;GF0031_2026_STROKE_ORDER;GF3002_1999_STROKE_ORDER;GB13000_FOLDED_STROKE;GF3003_1999_STROKE_ORDERING,NO_DICTIONARY_CONTEXT,MISSING_STANDARD_STRUCTURE_SOURCE;MISSING_STANDARD_DECOMPOSITION_SOURCE,run_bounded_standard_source_extractor_with_human_review_gate,0,,NO_CNBE_WRITE,NO_DATABASE_REBUILD,STANDARDIZER_HANDOFF_ONLY_NOT_SCORE_OR_ENCODING
8105_core_control_023,崶,U+5D36,23862,8105_core_control,national_standard_core_pending_structure_decomposition_extraction,PASS_UNICODE_IDENTITY,,,STRUCTURE_STANDARD_SOURCE_EXTRACTION_REQUIRED,,DECOMPOSITION_STANDARD_SOURCE_EXTRACTION_REQUIRED,,,,,COMPONENT_NAMES_STANDARD_SOURCE_REQUIRED,SINGLE_COMPONENT_SOURCE_CHECK_REQUIRED,RADICAL_STANDARD_SOURCE_CHECK_REQUIRED,STANDARD_DERIVED_STROKE_JOIN_READY,standard_extraction_planned_not_joined,GF0014_2009_COMPONENT_NAMES;GB13000_COMPONENT_SPEC_1998;GF0013_2009_SINGLE_COMPONENT;GG0011_2009_RADICALS;GF0031_2026_STROKE_ORDER;GF3002_1999_STROKE_ORDER;GB13000_FOLDED_STROKE;GF3003_1999_STROKE_ORDERING,NO_DICTIONARY_CONTEXT,MISSING_STANDARD_STRUCTURE_SOURCE;MISSING_STANDARD_DECOMPOSITION_SOURCE,run_bounded_standard_source_extractor_with_human_review_gate,0,,NO_CNBE_WRITE,NO_DATABASE_REBUILD,STANDARDIZER_HANDOFF_ONLY_NOT_SCORE_OR_ENCODING
8105_core_control_024,帷,U+5E37,24119,8105_core_control,national_standard_core_pending_structure_decomposition_extraction,PASS_UNICODE_IDENTITY,,,STRUCTURE_STANDARD_SOURCE_EXTRACTION_REQUIRED,,DECOMPOSITION_STANDARD_SOURCE_EXTRACTION_REQUIRED,,,,,COMPONENT_NAMES_STANDARD_SOURCE_REQUIRED,SINGLE_COMPONENT_SOURCE_CHECK_REQUIRED,RADICAL_STANDARD_SOURCE_CHECK_REQUIRED,STANDARD_DERIVED_STROKE_JOIN_READY,standard_extraction_planned_not_joined,GF0014_2009_COMPONENT_NAMES;GB13000_COMPONENT_SPEC_1998;GF0013_2009_SINGLE_COMPONENT;GG0011_2009_RADICALS;GF0031_2026_STROKE_ORDER;GF3002_1999_STROKE_ORDER;GB13000_FOLDED_STROKE;GF3003_1999_STROKE_ORDERING,CROSS_REFERENCE_CONTEXT_AVAILABLE,MISSING_STANDARD_STRUCTURE_SOURCE;MISSING_STANDARD_DECOMPOSITION_SOURCE,run_bounded_standard_source_extractor_with_human_review_gate,0,,NO_CNBE_WRITE,NO_DATABASE_REBUILD,STANDARDIZER_HANDOFF_ONLY_NOT_SCORE_OR_ENCODING
8105_core_control_025,弇,U+5F07,24327,8105_core_control,national_standard_core_pending_structure_decomposition_extraction,PASS_UNICODE_IDENTITY,,,STRUCTURE_STANDARD_SOURCE_EXTRACTION_REQUIRED,,DECOMPOSITION_STANDARD_SOURCE_EXTRACTION_REQUIRED,,,,,COMPONENT_NAMES_STANDARD_SOURCE_REQUIRED,SINGLE_COMPONENT_SOURCE_CHECK_REQUIRED,RADICAL_STANDARD_SOURCE_CHECK_REQUIRED,STANDARD_DERIVED_STROKE_JOIN_READY,standard_extraction_planned_not_joined,GF0014_2009_COMPONENT_NAMES;GB13000_COMPONENT_SPEC_1998;GF0013_2009_SINGLE_COMPONENT;GG0011_2009_RADICALS;GF0031_2026_STROKE_ORDER;GF3002_1999_STROKE_ORDER;GB13000_FOLDED_STROKE;GF3003_1999_STROKE_ORDERING,NO_DICTIONARY_CONTEXT,MISSING_STANDARD_STRUCTURE_SOURCE;MISSING_STANDARD_DECOMPOSITION_SOURCE,run_bounded_standard_source_extractor_with_human_review_gate,0,,NO_CNBE_WRITE,NO_DATABASE_REBUILD,STANDARDIZER_HANDOFF_ONLY_NOT_SCORE_OR_ENCODING
8105_core_control_026,忉,U+5FC9,24521,8105_core_control,national_standard_core_pending_structure_decomposition_extraction,PASS_UNICODE_IDENTITY,,,STRUCTURE_STANDARD_SOURCE_EXTRACTION_REQUIRED,,DECOMPOSITION_STANDARD_SOURCE_EXTRACTION_REQUIRED,,,,,COMPONENT_NAMES_STANDARD_SOURCE_REQUIRED,SINGLE_COMPONENT_SOURCE_CHECK_REQUIRED,RADICAL_STANDARD_SOURCE_CHECK_REQUIRED,STANDARD_DERIVED_STROKE_JOIN_READY,standard_extraction_planned_not_joined,GF0014_2009_COMPONENT_NAMES;GB13000_COMPONENT_SPEC_1998;GF0013_2009_SINGLE_COMPONENT;GG0011_2009_RADICALS;GF0031_2026_STROKE_ORDER;GF3002_1999_STROKE_ORDER;GB13000_FOLDED_STROKE;GF3003_1999_STROKE_ORDERING,NO_DICTIONARY_CONTEXT,MISSING_STANDARD_STRUCTURE_SOURCE;MISSING_STANDARD_DECOMPOSITION_SOURCE,run_bounded_standard_source_extractor_with_human_review_gate,0,,NO_CNBE_WRITE,NO_DATABASE_REBUILD,STANDARDIZER_HANDOFF_ONLY_NOT_SCORE_OR_ENCODING
8105_core_control_027,恪,U+606A,24682,8105_core_control,national_standard_core_pending_structure_decomposition_extraction,PASS_UNICODE_IDENTITY,,,STRUCTURE_STANDARD_SOURCE_EXTRACTION_REQUIRED,,DECOMPOSITION_STANDARD_SOURCE_EXTRACTION_REQUIRED,,,,,COMPONENT_NAMES_STANDARD_SOURCE_REQUIRED,SINGLE_COMPONENT_SOURCE_CHECK_REQUIRED,RADICAL_STANDARD_SOURCE_CHECK_REQUIRED,STANDARD_DERIVED_STROKE_JOIN_READY,standard_extraction_planned_not_joined,GF0014_2009_COMPONENT_NAMES;GB13000_COMPONENT_SPEC_1998;GF0013_2009_SINGLE_COMPONENT;GG0011_2009_RADICALS;GF0031_2026_STROKE_ORDER;GF3002_1999_STROKE_ORDER;GB13000_FOLDED_STROKE;GF3003_1999_STROKE_ORDERING,CROSS_REFERENCE_CONTEXT_AVAILABLE,MISSING_STANDARD_STRUCTURE_SOURCE;MISSING_STANDARD_DECOMPOSITION_SOURCE,run_bounded_standard_source_extractor_with_human_review_gate,0,,NO_CNBE_WRITE,NO_DATABASE_REBUILD,STANDARDIZER_HANDOFF_ONLY_NOT_SCORE_OR_ENCODING
8105_core_control_028,愉,U+6109,24841,8105_core_control,national_standard_core_pending_structure_decomposition_extraction,PASS_UNICODE_IDENTITY,,,STRUCTURE_STANDARD_SOURCE_EXTRACTION_REQUIRED,,DECOMPOSITION_STANDARD_SOURCE_EXTRACTION_REQUIRED,,,,,COMPONENT_NAMES_STANDARD_SOURCE_REQUIRED,SINGLE_COMPONENT_SOURCE_CHECK_REQUIRED,RADICAL_STANDARD_SOURCE_CHECK_REQUIRED,STANDARD_DERIVED_STROKE_JOIN_READY,standard_extraction_planned_not_joined,GF0014_2009_COMPONENT_NAMES;GB13000_COMPONENT_SPEC_1998;GF0013_2009_SINGLE_COMPONENT;GG0011_2009_RADICALS;GF0031_2026_STROKE_ORDER;GF3002_1999_STROKE_ORDER;GB13000_FOLDED_STROKE;GF3003_1999_STROKE_ORDERING,CROSS_REFERENCE_CONTEXT_AVAILABLE,MISSING_STANDARD_STRUCTURE_SOURCE;MISSING_STANDARD_DECOMPOSITION_SOURCE,run_bounded_standard_source_extractor_with_human_review_gate,0,,NO_CNBE_WRITE,NO_DATABASE_REBUILD,STANDARDIZER_HANDOFF_ONLY_NOT_SCORE_OR_ENCODING
8105_core_control_029,戭,U+622D,25133,8105_core_control,national_standard_core_pending_structure_decomposition_extraction,PASS_UNICODE_IDENTITY,,,STRUCTURE_STANDARD_SOURCE_EXTRACTION_REQUIRED,,DECOMPOSITION_STANDARD_SOURCE_EXTRACTION_REQUIRED,,,,,COMPONENT_NAMES_STANDARD_SOURCE_REQUIRED,SINGLE_COMPONENT_SOURCE_CHECK_REQUIRED,RADICAL_STANDARD_SOURCE_CHECK_REQUIRED,STANDARD_DERIVED_STROKE_JOIN_READY,standard_extraction_planned_not_joined,GF0014_2009_COMPONENT_NAMES;GB13000_COMPONENT_SPEC_1998;GF0013_2009_SINGLE_COMPONENT;GG0011_2009_RADICALS;GF0031_2026_STROKE_ORDER;GF3002_1999_STROKE_ORDER;GB13000_FOLDED_STROKE;GF3003_1999_STROKE_ORDERING,NO_DICTIONARY_CONTEXT,MISSING_STANDARD_STRUCTURE_SOURCE;MISSING_STANDARD_DECOMPOSITION_SOURCE,run_bounded_standard_source_extractor_with_human_review_gate,0,,NO_CNBE_WRITE,NO_DATABASE_REBUILD,STANDARDIZER_HANDOFF_ONLY_NOT_SCORE_OR_ENCODING
8105_core_control_030,拆,U+62C6,25286,8105_core_control,national_standard_core_pending_structure_decomposition_extraction,PASS_UNICODE_IDENTITY,,,STRUCTURE_STANDARD_SOURCE_EXTRACTION_REQUIRED,,DECOMPOSITION_STANDARD_SOURCE_EXTRACTION_REQUIRED,,,,,COMPONENT_NAMES_STANDARD_SOURCE_REQUIRED,SINGLE_COMPONENT_SOURCE_CHECK_REQUIRED,RADICAL_STANDARD_SOURCE_CHECK_REQUIRED,STANDARD_DERIVED_STROKE_JOIN_READY,standard_extraction_planned_not_joined,GF0014_2009_COMPONENT_NAMES;GB13000_COMPONENT_SPEC_1998;GF0013_2009_SINGLE_COMPONENT;GG0011_2009_RADICALS;GF0031_2026_STROKE_ORDER;GF3002_1999_STROKE_ORDER;GB13000_FOLDED_STROKE;GF3003_1999_STROKE_ORDERING,CROSS_REFERENCE_CONTEXT_AVAILABLE,MISSING_STANDARD_STRUCTURE_SOURCE;MISSING_STANDARD_DECOMPOSITION_SOURCE,run_bounded_standard_source_extractor_with_human_review_gate,0,,NO_CNBE_WRITE,NO_DATABASE_REBUILD,STANDARDIZER_HANDOFF_ONLY_NOT_SCORE_OR_ENCODING
8105_core_control_031,捡,U+6361,25441,8105_core_control,national_standard_core_pending_structure_decomposition_extraction,PASS_UNICODE_IDENTITY,,,STRUCTURE_STANDARD_SOURCE_EXTRACTION_REQUIRED,,DECOMPOSITION_STANDARD_SOURCE_EXTRACTION_REQUIRED,,,,,COMPONENT_NAMES_STANDARD_SOURCE_REQUIRED,SINGLE_COMPONENT_SOURCE_CHECK_REQUIRED,RADICAL_STANDARD_SOURCE_CHECK_REQUIRED,STANDARD_DERIVED_STROKE_JOIN_READY,standard_extraction_planned_not_joined,GF0014_2009_COMPONENT_NAMES;GB13000_COMPONENT_SPEC_1998;GF0013_2009_SINGLE_COMPONENT;GG0011_2009_RADICALS;GF0031_2026_STROKE_ORDER;GF3002_1999_STROKE_ORDER;GB13000_FOLDED_STROKE;GF3003_1999_STROKE_ORDERING,CROSS_REFERENCE_CONTEXT_AVAILABLE,MISSING_STANDARD_STRUCTURE_SOURCE;MISSING_STANDARD_DECOMPOSITION_SOURCE,run_bounded_standard_source_extractor_with_human_review_gate,0,,NO_CNBE_WRITE,NO_DATABASE_REBUILD,STANDARDIZER_HANDOFF_ONLY_NOT_SCORE_OR_ENCODING
8105_core_control_032,搡,U+6421,25633,8105_core_control,national_standard_core_pending_structure_decomposition_extraction,PASS_UNICODE_IDENTITY,,,STRUCTURE_STANDARD_SOURCE_EXTRACTION_REQUIRED,,DECOMPOSITION_STANDARD_SOURCE_EXTRACTION_REQUIRED,,,,,COMPONENT_NAMES_STANDARD_SOURCE_REQUIRED,SINGLE_COMPONENT_SOURCE_CHECK_REQUIRED,RADICAL_STANDARD_SOURCE_CHECK_REQUIRED,STANDARD_DERIVED_STROKE_JOIN_READY,standard_extraction_planned_not_joined,GF0014_2009_COMPONENT_NAMES;GB13000_COMPONENT_SPEC_1998;GF0013_2009_SINGLE_COMPONENT;GG0011_2009_RADICALS;GF0031_2026_STROKE_ORDER;GF3002_1999_STROKE_ORDER;GB13000_FOLDED_STROKE;GF3003_1999_STROKE_ORDERING,NO_DICTIONARY_CONTEXT,MISSING_STANDARD_STRUCTURE_SOURCE;MISSING_STANDARD_DECOMPOSITION_SOURCE,run_bounded_standard_source_extractor_with_human_review_gate,0,,NO_CNBE_WRITE,NO_DATABASE_REBUILD,STANDARDIZER_HANDOFF_ONLY_NOT_SCORE_OR_ENCODING
8105_core_control_033,敏,U+654F,25935,8105_core_control,national_standard_core_pending_structure_decomposition_extraction,PASS_UNICODE_IDENTITY,,,STRUCTURE_STANDARD_SOURCE_EXTRACTION_REQUIRED,,DECOMPOSITION_STANDARD_SOURCE_EXTRACTION_REQUIRED,,,,,COMPONENT_NAMES_STANDARD_SOURCE_REQUIRED,SINGLE_COMPONENT_SOURCE_CHECK_REQUIRED,RADICAL_STANDARD_SOURCE_CHECK_REQUIRED,STANDARD_DERIVED_STROKE_JOIN_READY,standard_extraction_planned_not_joined,GF0014_2009_COMPONENT_NAMES;GB13000_COMPONENT_SPEC_1998;GF0013_2009_SINGLE_COMPONENT;GG0011_2009_RADICALS;GF0031_2026_STROKE_ORDER;GF3002_1999_STROKE_ORDER;GB13000_FOLDED_STROKE;GF3003_1999_STROKE_ORDERING,CROSS_REFERENCE_CONTEXT_AVAILABLE,MISSING_STANDARD_STRUCTURE_SOURCE;MISSING_STANDARD_DECOMPOSITION_SOURCE,run_bounded_standard_source_extractor_with_human_review_gate,0,,NO_CNBE_WRITE,NO_DATABASE_REBUILD,STANDARDIZER_HANDOFF_ONLY_NOT_SCORE_OR_ENCODING
8105_core_control_034,昃,U+6603,26115,8105_core_control,national_standard_core_pending_structure_decomposition_extraction,PASS_UNICODE_IDENTITY,,,STRUCTURE_STANDARD_SOURCE_EXTRACTION_REQUIRED,,DECOMPOSITION_STANDARD_SOURCE_EXTRACTION_REQUIRED,,,,,COMPONENT_NAMES_STANDARD_SOURCE_REQUIRED,SINGLE_COMPONENT_SOURCE_CHECK_REQUIRED,RADICAL_STANDARD_SOURCE_CHECK_REQUIRED,STANDARD_DERIVED_STROKE_JOIN_READY,standard_extraction_planned_not_joined,GF0014_2009_COMPONENT_NAMES;GB13000_COMPONENT_SPEC_1998;GF0013_2009_SINGLE_COMPONENT;GG0011_2009_RADICALS;GF0031_2026_STROKE_ORDER;GF3002_1999_STROKE_ORDER;GB13000_FOLDED_STROKE;GF3003_1999_STROKE_ORDERING,NO_DICTIONARY_CONTEXT,MISSING_STANDARD_STRUCTURE_SOURCE;MISSING_STANDARD_DECOMPOSITION_SOURCE,run_bounded_standard_source_extractor_with_human_review_gate,0,,NO_CNBE_WRITE,NO_DATABASE_REBUILD,STANDARDIZER_HANDOFF_ONLY_NOT_SCORE_OR_ENCODING
8105_core_control_035,暨,U+66A8,26280,8105_core_control,national_standard_core_pending_structure_decomposition_extraction,PASS_UNICODE_IDENTITY,,,STRUCTURE_STANDARD_SOURCE_EXTRACTION_REQUIRED,,DECOMPOSITION_STANDARD_SOURCE_EXTRACTION_REQUIRED,,,,,COMPONENT_NAMES_STANDARD_SOURCE_REQUIRED,SINGLE_COMPONENT_SOURCE_CHECK_REQUIRED,RADICAL_STANDARD_SOURCE_CHECK_REQUIRED,STANDARD_DERIVED_STROKE_JOIN_READY,standard_extraction_planned_not_joined,GF0014_2009_COMPONENT_NAMES;GB13000_COMPONENT_SPEC_1998;GF0013_2009_SINGLE_COMPONENT;GG0011_2009_RADICALS;GF0031_2026_STROKE_ORDER;GF3002_1999_STROKE_ORDER;GB13000_FOLDED_STROKE;GF3003_1999_STROKE_ORDERING,CROSS_REFERENCE_CONTEXT_AVAILABLE,MISSING_STANDARD_STRUCTURE_SOURCE;MISSING_STANDARD_DECOMPOSITION_SOURCE,run_bounded_standard_source_extractor_with_human_review_gate,0,,NO_CNBE_WRITE,NO_DATABASE_REBUILD,STANDARDIZER_HANDOFF_ONLY_NOT_SCORE_OR_ENCODING
8105_core_control_036,杰,U+6770,26480,8105_core_control,national_standard_core_pending_structure_decomposition_extraction,PASS_UNICODE_IDENTITY,,,STRUCTURE_STANDARD_SOURCE_EXTRACTION_REQUIRED,,DECOMPOSITION_STANDARD_SOURCE_EXTRACTION_REQUIRED,,,,,COMPONENT_NAMES_STANDARD_SOURCE_REQUIRED,SINGLE_COMPONENT_SOURCE_CHECK_REQUIRED,RADICAL_STANDARD_SOURCE_CHECK_REQUIRED,STANDARD_DERIVED_STROKE_JOIN_READY,standard_extraction_planned_not_joined,GF0014_2009_COMPONENT_NAMES;GB13000_COMPONENT_SPEC_1998;GF0013_2009_SINGLE_COMPONENT;GG0011_2009_RADICALS;GF0031_2026_STROKE_ORDER;GF3002_1999_STROKE_ORDER;GB13000_FOLDED_STROKE;GF3003_1999_STROKE_ORDERING,CROSS_REFERENCE_CONTEXT_AVAILABLE,MISSING_STANDARD_STRUCTURE_SOURCE;MISSING_STANDARD_DECOMPOSITION_SOURCE,run_bounded_standard_source_extractor_with_human_review_gate,0,,NO_CNBE_WRITE,NO_DATABASE_REBUILD,STANDARDIZER_HANDOFF_ONLY_NOT_SCORE_OR_ENCODING
8105_core_control_037,栐,U+6810,26640,8105_core_control,national_standard_core_pending_structure_decomposition_extraction,PASS_UNICODE_IDENTITY,,,STRUCTURE_STANDARD_SOURCE_EXTRACTION_REQUIRED,,DECOMPOSITION_STANDARD_SOURCE_EXTRACTION_REQUIRED,,,,,COMPONENT_NAMES_STANDARD_SOURCE_REQUIRED,SINGLE_COMPONENT_SOURCE_CHECK_REQUIRED,RADICAL_STANDARD_SOURCE_CHECK_REQUIRED,STANDARD_DERIVED_STROKE_JOIN_READY,standard_extraction_planned_not_joined,GF0014_2009_COMPONENT_NAMES;GB13000_COMPONENT_SPEC_1998;GF0013_2009_SINGLE_COMPONENT;GG0011_2009_RADICALS;GF0031_2026_STROKE_ORDER;GF3002_1999_STROKE_ORDER;GB13000_FOLDED_STROKE;GF3003_1999_STROKE_ORDERING,NO_DICTIONARY_CONTEXT,MISSING_STANDARD_STRUCTURE_SOURCE;MISSING_STANDARD_DECOMPOSITION_SOURCE,run_bounded_standard_source_extractor_with_human_review_gate,0,,NO_CNBE_WRITE,NO_DATABASE_REBUILD,STANDARDIZER_HANDOFF_ONLY_NOT_SCORE_OR_ENCODING
8105_core_control_038,棉,U+68C9,26825,8105_core_control,national_standard_core_pending_structure_decomposition_extraction,PASS_UNICODE_IDENTITY,,,STRUCTURE_STANDARD_SOURCE_EXTRACTION_REQUIRED,,DECOMPOSITION_STANDARD_SOURCE_EXTRACTION_REQUIRED,,,,,COMPONENT_NAMES_STANDARD_SOURCE_REQUIRED,SINGLE_COMPONENT_SOURCE_CHECK_REQUIRED,RADICAL_STANDARD_SOURCE_CHECK_REQUIRED,STANDARD_DERIVED_STROKE_JOIN_READY,standard_extraction_planned_not_joined,GF0014_2009_COMPONENT_NAMES;GB13000_COMPONENT_SPEC_1998;GF0013_2009_SINGLE_COMPONENT;GG0011_2009_RADICALS;GF0031_2026_STROKE_ORDER;GF3002_1999_STROKE_ORDER;GB13000_FOLDED_STROKE;GF3003_1999_STROKE_ORDERING,CROSS_REFERENCE_CONTEXT_AVAILABLE,MISSING_STANDARD_STRUCTURE_SOURCE;MISSING_STANDARD_DECOMPOSITION_SOURCE,run_bounded_standard_source_extractor_with_human_review_gate,0,,NO_CNBE_WRITE,NO_DATABASE_REBUILD,STANDARDIZER_HANDOFF_ONLY_NOT_SCORE_OR_ENCODING
8105_core_control_039,榧,U+69A7,27047,8105_core_control,national_standard_core_pending_structure_decomposition_extraction,PASS_UNICODE_IDENTITY,,,STRUCTURE_STANDARD_SOURCE_EXTRACTION_REQUIRED,,DECOMPOSITION_STANDARD_SOURCE_EXTRACTION_REQUIRED,,,,,COMPONENT_NAMES_STANDARD_SOURCE_REQUIRED,SINGLE_COMPONENT_SOURCE_CHECK_REQUIRED,RADICAL_STANDARD_SOURCE_CHECK_REQUIRED,STANDARD_DERIVED_STROKE_JOIN_READY,standard_extraction_planned_not_joined,GF0014_2009_COMPONENT_NAMES;GB13000_COMPONENT_SPEC_1998;GF0013_2009_SINGLE_COMPONENT;GG0011_2009_RADICALS;GF0031_2026_STROKE_ORDER;GF3002_1999_STROKE_ORDER;GB13000_FOLDED_STROKE;GF3003_1999_STROKE_ORDERING,NO_DICTIONARY_CONTEXT,MISSING_STANDARD_STRUCTURE_SOURCE;MISSING_STANDARD_DECOMPOSITION_SOURCE,run_bounded_standard_source_extractor_with_human_review_gate,0,,NO_CNBE_WRITE,NO_DATABASE_REBUILD,STANDARDIZER_HANDOFF_ONLY_NOT_SCORE_OR_ENCODING
8105_core_control_040,歉,U+6B49,27465,8105_core_control,national_standard_core_pending_structure_decomposition_extraction,PASS_UNICODE_IDENTITY,,,STRUCTURE_STANDARD_SOURCE_EXTRACTION_REQUIRED,,DECOMPOSITION_STANDARD_SOURCE_EXTRACTION_REQUIRED,,,,,COMPONENT_NAMES_STANDARD_SOURCE_REQUIRED,SINGLE_COMPONENT_SOURCE_CHECK_REQUIRED,RADICAL_STANDARD_SOURCE_CHECK_REQUIRED,STANDARD_DERIVED_STROKE_JOIN_READY,standard_extraction_planned_not_joined,GF0014_2009_COMPONENT_NAMES;GB13000_COMPONENT_SPEC_1998;GF0013_2009_SINGLE_COMPONENT;GG0011_2009_RADICALS;GF0031_2026_STROKE_ORDER;GF3002_1999_STROKE_ORDER;GB13000_FOLDED_STROKE;GF3003_1999_STROKE_ORDERING,CROSS_REFERENCE_CONTEXT_AVAILABLE,MISSING_STANDARD_STRUCTURE_SOURCE;MISSING_STANDARD_DECOMPOSITION_SOURCE,run_bounded_standard_source_extractor_with_human_review_gate,0,,NO_CNBE_WRITE,NO_DATABASE_REBUILD,STANDARDIZER_HANDOFF_ONLY_NOT_SCORE_OR_ENCODING
8105_core_control_041,氩,U+6C29,27689,8105_core_control,national_standard_core_pending_structure_decomposition_extraction,PASS_UNICODE_IDENTITY,,,STRUCTURE_STANDARD_SOURCE_EXTRACTION_REQUIRED,,DECOMPOSITION_STANDARD_SOURCE_EXTRACTION_REQUIRED,,,,,COMPONENT_NAMES_STANDARD_SOURCE_REQUIRED,SINGLE_COMPONENT_SOURCE_CHECK_REQUIRED,RADICAL_STANDARD_SOURCE_CHECK_REQUIRED,STANDARD_DERIVED_STROKE_JOIN_READY,standard_extraction_planned_not_joined,GF0014_2009_COMPONENT_NAMES;GB13000_COMPONENT_SPEC_1998;GF0013_2009_SINGLE_COMPONENT;GG0011_2009_RADICALS;GF0031_2026_STROKE_ORDER;GF3002_1999_STROKE_ORDER;GB13000_FOLDED_STROKE;GF3003_1999_STROKE_ORDERING,CROSS_REFERENCE_CONTEXT_AVAILABLE,MISSING_STANDARD_STRUCTURE_SOURCE;MISSING_STANDARD_DECOMPOSITION_SOURCE,run_bounded_standard_source_extractor_with_human_review_gate,0,,NO_CNBE_WRITE,NO_DATABASE_REBUILD,STANDARDIZER_HANDOFF_ONLY_NOT_SCORE_OR_ENCODING
8105_core_control_042,沽,U+6CBD,27837,8105_core_control,national_standard_core_pending_structure_decomposition_extraction,PASS_UNICODE_IDENTITY,,,STRUCTURE_STANDARD_SOURCE_EXTRACTION_REQUIRED,,DECOMPOSITION_STANDARD_SOURCE_EXTRACTION_REQUIRED,,,,,COMPONENT_NAMES_STANDARD_SOURCE_REQUIRED,SINGLE_COMPONENT_SOURCE_CHECK_REQUIRED,RADICAL_STANDARD_SOURCE_CHECK_REQUIRED,STANDARD_DERIVED_STROKE_JOIN_READY,standard_extraction_planned_not_joined,GF0014_2009_COMPONENT_NAMES;GB13000_COMPONENT_SPEC_1998;GF0013_2009_SINGLE_COMPONENT;GG0011_2009_RADICALS;GF0031_2026_STROKE_ORDER;GF3002_1999_STROKE_ORDER;GB13000_FOLDED_STROKE;GF3003_1999_STROKE_ORDERING,CROSS_REFERENCE_CONTEXT_AVAILABLE,MISSING_STANDARD_STRUCTURE_SOURCE;MISSING_STANDARD_DECOMPOSITION_SOURCE,run_bounded_standard_source_extractor_with_human_review_gate,0,,NO_CNBE_WRITE,NO_DATABASE_REBUILD,STANDARDIZER_HANDOFF_ONLY_NOT_SCORE_OR_ENCODING
8105_core_control_043,浃,U+6D43,27971,8105_core_control,national_standard_core_pending_structure_decomposition_extraction,PASS_UNICODE_IDENTITY,,,STRUCTURE_STANDARD_SOURCE_EXTRACTION_REQUIRED,,DECOMPOSITION_STANDARD_SOURCE_EXTRACTION_REQUIRED,,,,,COMPONENT_NAMES_STANDARD_SOURCE_REQUIRED,SINGLE_COMPONENT_SOURCE_CHECK_REQUIRED,RADICAL_STANDARD_SOURCE_CHECK_REQUIRED,STANDARD_DERIVED_STROKE_JOIN_READY,standard_extraction_planned_not_joined,GF0014_2009_COMPONENT_NAMES;GB13000_COMPONENT_SPEC_1998;GF0013_2009_SINGLE_COMPONENT;GG0011_2009_RADICALS;GF0031_2026_STROKE_ORDER;GF3002_1999_STROKE_ORDER;GB13000_FOLDED_STROKE;GF3003_1999_STROKE_ORDERING,NO_DICTIONARY_CONTEXT,MISSING_STANDARD_STRUCTURE_SOURCE;MISSING_STANDARD_DECOMPOSITION_SOURCE,run_bounded_standard_source_extractor_with_human_review_gate,0,,NO_CNBE_WRITE,NO_DATABASE_REBUILD,STANDARDIZER_HANDOFF_ONLY_NOT_SCORE_OR_ENCODING
8105_core_control_044,淌,U+6DCC,28108,8105_core_control,national_standard_core_pending_structure_decomposition_extraction,PASS_UNICODE_IDENTITY,,,STRUCTURE_STANDARD_SOURCE_EXTRACTION_REQUIRED,,DECOMPOSITION_STANDARD_SOURCE_EXTRACTION_REQUIRED,,,,,COMPONENT_NAMES_STANDARD_SOURCE_REQUIRED,SINGLE_COMPONENT_SOURCE_CHECK_REQUIRED,RADICAL_STANDARD_SOURCE_CHECK_REQUIRED,STANDARD_DERIVED_STROKE_JOIN_READY,standard_extraction_planned_not_joined,GF0014_2009_COMPONENT_NAMES;GB13000_COMPONENT_SPEC_1998;GF0013_2009_SINGLE_COMPONENT;GG0011_2009_RADICALS;GF0031_2026_STROKE_ORDER;GF3002_1999_STROKE_ORDER;GB13000_FOLDED_STROKE;GF3003_1999_STROKE_ORDERING,CROSS_REFERENCE_CONTEXT_AVAILABLE,MISSING_STANDARD_STRUCTURE_SOURCE;MISSING_STANDARD_DECOMPOSITION_SOURCE,run_bounded_standard_source_extractor_with_human_review_gate,0,,NO_CNBE_WRITE,NO_DATABASE_REBUILD,STANDARDIZER_HANDOFF_ONLY_NOT_SCORE_OR_ENCODING
8105_core_control_045,溘,U+6E98,28312,8105_core_control,national_standard_core_pending_structure_decomposition_extraction,PASS_UNICODE_IDENTITY,,,STRUCTURE_STANDARD_SOURCE_EXTRACTION_REQUIRED,,DECOMPOSITION_STANDARD_SOURCE_EXTRACTION_REQUIRED,,,,,COMPONENT_NAMES_STANDARD_SOURCE_REQUIRED,SINGLE_COMPONENT_SOURCE_CHECK_REQUIRED,RADICAL_STANDARD_SOURCE_CHECK_REQUIRED,STANDARD_DERIVED_STROKE_JOIN_READY,standard_extraction_planned_not_joined,GF0014_2009_COMPONENT_NAMES;GB13000_COMPONENT_SPEC_1998;GF0013_2009_SINGLE_COMPONENT;GG0011_2009_RADICALS;GF0031_2026_STROKE_ORDER;GF3002_1999_STROKE_ORDER;GB13000_FOLDED_STROKE;GF3003_1999_STROKE_ORDERING,NO_DICTIONARY_CONTEXT,MISSING_STANDARD_STRUCTURE_SOURCE;MISSING_STANDARD_DECOMPOSITION_SOURCE,run_bounded_standard_source_extractor_with_human_review_gate,0,,NO_CNBE_WRITE,NO_DATABASE_REBUILD,STANDARDIZER_HANDOFF_ONLY_NOT_SCORE_OR_ENCODING
8105_core_control_046,潋,U+6F4B,28491,8105_core_control,national_standard_core_pending_structure_decomposition_extraction,PASS_UNICODE_IDENTITY,,,STRUCTURE_STANDARD_SOURCE_EXTRACTION_REQUIRED,,DECOMPOSITION_STANDARD_SOURCE_EXTRACTION_REQUIRED,,,,,COMPONENT_NAMES_STANDARD_SOURCE_REQUIRED,SINGLE_COMPONENT_SOURCE_CHECK_REQUIRED,RADICAL_STANDARD_SOURCE_CHECK_REQUIRED,STANDARD_DERIVED_STROKE_JOIN_READY,standard_extraction_planned_not_joined,GF0014_2009_COMPONENT_NAMES;GB13000_COMPONENT_SPEC_1998;GF0013_2009_SINGLE_COMPONENT;GG0011_2009_RADICALS;GF0031_2026_STROKE_ORDER;GF3002_1999_STROKE_ORDER;GB13000_FOLDED_STROKE;GF3003_1999_STROKE_ORDERING,NO_DICTIONARY_CONTEXT,MISSING_STANDARD_STRUCTURE_SOURCE;MISSING_STANDARD_DECOMPOSITION_SOURCE,run_bounded_standard_source_extractor_with_human_review_gate,0,,NO_CNBE_WRITE,NO_DATABASE_REBUILD,STANDARDIZER_HANDOFF_ONLY_NOT_SCORE_OR_ENCODING
8105_core_control_047,炉,U+7089,28809,8105_core_control,national_standard_core_pending_structure_decomposition_extraction,PASS_UNICODE_IDENTITY,,,STRUCTURE_STANDARD_SOURCE_EXTRACTION_REQUIRED,,DECOMPOSITION_STANDARD_SOURCE_EXTRACTION_REQUIRED,,,,,COMPONENT_NAMES_STANDARD_SOURCE_REQUIRED,SINGLE_COMPONENT_SOURCE_CHECK_REQUIRED,RADICAL_STANDARD_SOURCE_CHECK_REQUIRED,STANDARD_DERIVED_STROKE_JOIN_READY,standard_extraction_planned_not_joined,GF0014_2009_COMPONENT_NAMES;GB13000_COMPONENT_SPEC_1998;GF0013_2009_SINGLE_COMPONENT;GG0011_2009_RADICALS;GF0031_2026_STROKE_ORDER;GF3002_1999_STROKE_ORDER;GB13000_FOLDED_STROKE;GF3003_1999_STROKE_ORDERING,CROSS_REFERENCE_CONTEXT_AVAILABLE,MISSING_STANDARD_STRUCTURE_SOURCE;MISSING_STANDARD_DECOMPOSITION_SOURCE,run_bounded_standard_source_extractor_with_human_review_gate,0,,NO_CNBE_WRITE,NO_DATABASE_REBUILD,STANDARDIZER_HANDOFF_ONLY_NOT_SCORE_OR_ENCODING
8105_core_control_048,煓,U+7153,29011,8105_core_control,national_standard_core_pending_structure_decomposition_extraction,PASS_UNICODE_IDENTITY,,,STRUCTURE_STANDARD_SOURCE_EXTRACTION_REQUIRED,,DECOMPOSITION_STANDARD_SOURCE_EXTRACTION_REQUIRED,,,,,COMPONENT_NAMES_STANDARD_SOURCE_REQUIRED,SINGLE_COMPONENT_SOURCE_CHECK_REQUIRED,RADICAL_STANDARD_SOURCE_CHECK_REQUIRED,STANDARD_DERIVED_STROKE_JOIN_READY,standard_extraction_planned_not_joined,GF0014_2009_COMPONENT_NAMES;GB13000_COMPONENT_SPEC_1998;GF0013_2009_SINGLE_COMPONENT;GG0011_2009_RADICALS;GF0031_2026_STROKE_ORDER;GF3002_1999_STROKE_ORDER;GB13000_FOLDED_STROKE;GF3003_1999_STROKE_ORDERING,NO_DICTIONARY_CONTEXT,MISSING_STANDARD_STRUCTURE_SOURCE;MISSING_STANDARD_DECOMPOSITION_SOURCE,run_bounded_standard_source_extractor_with_human_review_gate,0,,NO_CNBE_WRITE,NO_DATABASE_REBUILD,STANDARDIZER_HANDOFF_ONLY_NOT_SCORE_OR_ENCODING
8105_core_control_049,牧,U+7267,29287,8105_core_control,national_standard_core_pending_structure_decomposition_extraction,PASS_UNICODE_IDENTITY,,,STRUCTURE_STANDARD_SOURCE_EXTRACTION_REQUIRED,,DECOMPOSITION_STANDARD_SOURCE_EXTRACTION_REQUIRED,,,,,COMPONENT_NAMES_STANDARD_SOURCE_REQUIRED,SINGLE_COMPONENT_SOURCE_CHECK_REQUIRED,RADICAL_STANDARD_SOURCE_CHECK_REQUIRED,STANDARD_DERIVED_STROKE_JOIN_READY,standard_extraction_planned_not_joined,GF0014_2009_COMPONENT_NAMES;GB13000_COMPONENT_SPEC_1998;GF0013_2009_SINGLE_COMPONENT;GG0011_2009_RADICALS;GF0031_2026_STROKE_ORDER;GF3002_1999_STROKE_ORDER;GB13000_FOLDED_STROKE;GF3003_1999_STROKE_ORDERING,CROSS_REFERENCE_CONTEXT_AVAILABLE,MISSING_STANDARD_STRUCTURE_SOURCE;MISSING_STANDARD_DECOMPOSITION_SOURCE,run_bounded_standard_source_extractor_with_human_review_gate,0,,NO_CNBE_WRITE,NO_DATABASE_REBUILD,STANDARDIZER_HANDOFF_ONLY_NOT_SCORE_OR_ENCODING
8105_core_control_050,献,U+732E,29486,8105_core_control,national_standard_core_pending_structure_decomposition_extraction,PASS_UNICODE_IDENTITY,,,STRUCTURE_STANDARD_SOURCE_EXTRACTION_REQUIRED,,DECOMPOSITION_STANDARD_SOURCE_EXTRACTION_REQUIRED,,,,,COMPONENT_NAMES_STANDARD_SOURCE_REQUIRED,SINGLE_COMPONENT_SOURCE_CHECK_REQUIRED,RADICAL_STANDARD_SOURCE_CHECK_REQUIRED,STANDARD_DERIVED_STROKE_JOIN_READY,standard_extraction_planned_not_joined,GF0014_2009_COMPONENT_NAMES;GB13000_COMPONENT_SPEC_1998;GF0013_2009_SINGLE_COMPONENT;GG0011_2009_RADICALS;GF0031_2026_STROKE_ORDER;GF3002_1999_STROKE_ORDER;GB13000_FOLDED_STROKE;GF3003_1999_STROKE_ORDERING,CROSS_REFERENCE_CONTEXT_AVAILABLE,MISSING_STANDARD_STRUCTURE_SOURCE;MISSING_STANDARD_DECOMPOSITION_SOURCE,run_bounded_standard_source_extractor_with_human_review_gate,0,,NO_CNBE_WRITE,NO_DATABASE_REBUILD,STANDARDIZER_HANDOFF_ONLY_NOT_SCORE_OR_ENCODING
8105_core_control_051,珥,U+73E5,29669,8105_core_control,national_standard_core_pending_structure_decomposition_extraction,PASS_UNICODE_IDENTITY,,,STRUCTURE_STANDARD_SOURCE_EXTRACTION_REQUIRED,,DECOMPOSITION_STANDARD_SOURCE_EXTRACTION_REQUIRED,,,,,COMPONENT_NAMES_STANDARD_SOURCE_REQUIRED,SINGLE_COMPONENT_SOURCE_CHECK_REQUIRED,RADICAL_STANDARD_SOURCE_CHECK_REQUIRED,STANDARD_DERIVED_STROKE_JOIN_READY,standard_extraction_planned_not_joined,GF0014_2009_COMPONENT_NAMES;GB13000_COMPONENT_SPEC_1998;GF0013_2009_SINGLE_COMPONENT;GG0011_2009_RADICALS;GF0031_2026_STROKE_ORDER;GF3002_1999_STROKE_ORDER;GB13000_FOLDED_STROKE;GF3003_1999_STROKE_ORDERING,CROSS_REFERENCE_CONTEXT_AVAILABLE,MISSING_STANDARD_STRUCTURE_SOURCE;MISSING_STANDARD_DECOMPOSITION_SOURCE,run_bounded_standard_source_extractor_with_human_review_gate,0,,NO_CNBE_WRITE,NO_DATABASE_REBUILD,STANDARDIZER_HANDOFF_ONLY_NOT_SCORE_OR_ENCODING
8105_core_control_052,璁,U+7481,29825,8105_core_control,national_standard_core_pending_structure_decomposition_extraction,PASS_UNICODE_IDENTITY,,,STRUCTURE_STANDARD_SOURCE_EXTRACTION_REQUIRED,,DECOMPOSITION_STANDARD_SOURCE_EXTRACTION_REQUIRED,,,,,COMPONENT_NAMES_STANDARD_SOURCE_REQUIRED,SINGLE_COMPONENT_SOURCE_CHECK_REQUIRED,RADICAL_STANDARD_SOURCE_CHECK_REQUIRED,STANDARD_DERIVED_STROKE_JOIN_READY,standard_extraction_planned_not_joined,GF0014_2009_COMPONENT_NAMES;GB13000_COMPONENT_SPEC_1998;GF0013_2009_SINGLE_COMPONENT;GG0011_2009_RADICALS;GF0031_2026_STROKE_ORDER;GF3002_1999_STROKE_ORDER;GB13000_FOLDED_STROKE;GF3003_1999_STROKE_ORDERING,NO_DICTIONARY_CONTEXT,MISSING_STANDARD_STRUCTURE_SOURCE;MISSING_STANDARD_DECOMPOSITION_SOURCE,run_bounded_standard_source_extractor_with_human_review_gate,0,,NO_CNBE_WRITE,NO_DATABASE_REBUILD,STANDARDIZER_HANDOFF_ONLY_NOT_SCORE_OR_ENCODING
8105_core_control_053,畚,U+755A,30042,8105_core_control,national_standard_core_pending_structure_decomposition_extraction,PASS_UNICODE_IDENTITY,,,STRUCTURE_STANDARD_SOURCE_EXTRACTION_REQUIRED,,DECOMPOSITION_STANDARD_SOURCE_EXTRACTION_REQUIRED,,,,,COMPONENT_NAMES_STANDARD_SOURCE_REQUIRED,SINGLE_COMPONENT_SOURCE_CHECK_REQUIRED,RADICAL_STANDARD_SOURCE_CHECK_REQUIRED,STANDARD_DERIVED_STROKE_JOIN_READY,standard_extraction_planned_not_joined,GF0014_2009_COMPONENT_NAMES;GB13000_COMPONENT_SPEC_1998;GF0013_2009_SINGLE_COMPONENT;GG0011_2009_RADICALS;GF0031_2026_STROKE_ORDER;GF3002_1999_STROKE_ORDER;GB13000_FOLDED_STROKE;GF3003_1999_STROKE_ORDERING,NO_DICTIONARY_CONTEXT,MISSING_STANDARD_STRUCTURE_SOURCE;MISSING_STANDARD_DECOMPOSITION_SOURCE,run_bounded_standard_source_extractor_with_human_review_gate,0,,NO_CNBE_WRITE,NO_DATABASE_REBUILD,STANDARDIZER_HANDOFF_ONLY_NOT_SCORE_OR_ENCODING
8105_core_control_054,瘃,U+7603,30211,8105_core_control,national_standard_core_pending_structure_decomposition_extraction,PASS_UNICODE_IDENTITY,,,STRUCTURE_STANDARD_SOURCE_EXTRACTION_REQUIRED,,DECOMPOSITION_STANDARD_SOURCE_EXTRACTION_REQUIRED,,,,,COMPONENT_NAMES_STANDARD_SOURCE_REQUIRED,SINGLE_COMPONENT_SOURCE_CHECK_REQUIRED,RADICAL_STANDARD_SOURCE_CHECK_REQUIRED,STANDARD_DERIVED_STROKE_JOIN_READY,standard_extraction_planned_not_joined,GF0014_2009_COMPONENT_NAMES;GB13000_COMPONENT_SPEC_1998;GF0013_2009_SINGLE_COMPONENT;GG0011_2009_RADICALS;GF0031_2026_STROKE_ORDER;GF3002_1999_STROKE_ORDER;GB13000_FOLDED_STROKE;GF3003_1999_STROKE_ORDERING,NO_DICTIONARY_CONTEXT,MISSING_STANDARD_STRUCTURE_SOURCE;MISSING_STANDARD_DECOMPOSITION_SOURCE,run_bounded_standard_source_extractor_with_human_review_gate,0,,NO_CNBE_WRITE,NO_DATABASE_REBUILD,STANDARDIZER_HANDOFF_ONLY_NOT_SCORE_OR_ENCODING
8105_core_control_055,盖,U+76D6,30422,8105_core_control,national_standard_core_pending_structure_decomposition_extraction,PASS_UNICODE_IDENTITY,,,STRUCTURE_STANDARD_SOURCE_EXTRACTION_REQUIRED,,DECOMPOSITION_STANDARD_SOURCE_EXTRACTION_REQUIRED,,,,,COMPONENT_NAMES_STANDARD_SOURCE_REQUIRED,SINGLE_COMPONENT_SOURCE_CHECK_REQUIRED,RADICAL_STANDARD_SOURCE_CHECK_REQUIRED,STANDARD_DERIVED_STROKE_JOIN_READY,standard_extraction_planned_not_joined,GF0014_2009_COMPONENT_NAMES;GB13000_COMPONENT_SPEC_1998;GF0013_2009_SINGLE_COMPONENT;GG0011_2009_RADICALS;GF0031_2026_STROKE_ORDER;GF3002_1999_STROKE_ORDER;GB13000_FOLDED_STROKE;GF3003_1999_STROKE_ORDERING,CROSS_REFERENCE_CONTEXT_AVAILABLE,MISSING_STANDARD_STRUCTURE_SOURCE;MISSING_STANDARD_DECOMPOSITION_SOURCE,run_bounded_standard_source_extractor_with_human_review_gate,0,,NO_CNBE_WRITE,NO_DATABASE_REBUILD,STANDARDIZER_HANDOFF_ONLY_NOT_SCORE_OR_ENCODING
8105_core_control_056,瞭,U+77AD,30637,8105_core_control,national_standard_core_pending_structure_decomposition_extraction,PASS_UNICODE_IDENTITY,,,STRUCTURE_STANDARD_SOURCE_EXTRACTION_REQUIRED,,DECOMPOSITION_STANDARD_SOURCE_EXTRACTION_REQUIRED,,,,,COMPONENT_NAMES_STANDARD_SOURCE_REQUIRED,SINGLE_COMPONENT_SOURCE_CHECK_REQUIRED,RADICAL_STANDARD_SOURCE_CHECK_REQUIRED,STANDARD_DERIVED_STROKE_JOIN_READY,standard_extraction_planned_not_joined,GF0014_2009_COMPONENT_NAMES;GB13000_COMPONENT_SPEC_1998;GF0013_2009_SINGLE_COMPONENT;GG0011_2009_RADICALS;GF0031_2026_STROKE_ORDER;GF3002_1999_STROKE_ORDER;GB13000_FOLDED_STROKE;GF3003_1999_STROKE_ORDERING,CROSS_REFERENCE_CONTEXT_AVAILABLE,MISSING_STANDARD_STRUCTURE_SOURCE;MISSING_STANDARD_DECOMPOSITION_SOURCE,run_bounded_standard_source_extractor_with_human_review_gate,0,,NO_CNBE_WRITE,NO_DATABASE_REBUILD,STANDARDIZER_HANDOFF_ONLY_NOT_SCORE_OR_ENCODING
8105_core_control_057,硪,U+786A,30826,8105_core_control,national_standard_core_pending_structure_decomposition_extraction,PASS_UNICODE_IDENTITY,,,STRUCTURE_STANDARD_SOURCE_EXTRACTION_REQUIRED,,DECOMPOSITION_STANDARD_SOURCE_EXTRACTION_REQUIRED,,,,,COMPONENT_NAMES_STANDARD_SOURCE_REQUIRED,SINGLE_COMPONENT_SOURCE_CHECK_REQUIRED,RADICAL_STANDARD_SOURCE_CHECK_REQUIRED,STANDARD_DERIVED_STROKE_JOIN_READY,standard_extraction_planned_not_joined,GF0014_2009_COMPONENT_NAMES;GB13000_COMPONENT_SPEC_1998;GF0013_2009_SINGLE_COMPONENT;GG0011_2009_RADICALS;GF0031_2026_STROKE_ORDER;GF3002_1999_STROKE_ORDER;GB13000_FOLDED_STROKE;GF3003_1999_STROKE_ORDERING,NO_DICTIONARY_CONTEXT,MISSING_STANDARD_STRUCTURE_SOURCE;MISSING_STANDARD_DECOMPOSITION_SOURCE,run_bounded_standard_source_extractor_with_human_review_gate,0,,NO_CNBE_WRITE,NO_DATABASE_REBUILD,STANDARDIZER_HANDOFF_ONLY_NOT_SCORE_OR_ENCODING
8105_core_control_058,祛,U+795B,31067,8105_core_control,national_standard_core_pending_structure_decomposition_extraction,PASS_UNICODE_IDENTITY,,,STRUCTURE_STANDARD_SOURCE_EXTRACTION_REQUIRED,,DECOMPOSITION_STANDARD_SOURCE_EXTRACTION_REQUIRED,,,,,COMPONENT_NAMES_STANDARD_SOURCE_REQUIRED,SINGLE_COMPONENT_SOURCE_CHECK_REQUIRED,RADICAL_STANDARD_SOURCE_CHECK_REQUIRED,STANDARD_DERIVED_STROKE_JOIN_READY,standard_extraction_planned_not_joined,GF0014_2009_COMPONENT_NAMES;GB13000_COMPONENT_SPEC_1998;GF0013_2009_SINGLE_COMPONENT;GG0011_2009_RADICALS;GF0031_2026_STROKE_ORDER;GF3002_1999_STROKE_ORDER;GB13000_FOLDED_STROKE;GF3003_1999_STROKE_ORDERING,CROSS_REFERENCE_CONTEXT_AVAILABLE,MISSING_STANDARD_STRUCTURE_SOURCE;MISSING_STANDARD_DECOMPOSITION_SOURCE,run_bounded_standard_source_extractor_with_human_review_gate,0,,NO_CNBE_WRITE,NO_DATABASE_REBUILD,STANDARDIZER_HANDOFF_ONLY_NOT_SCORE_OR_ENCODING
8105_core_control_059,稹,U+7A39,31289,8105_core_control,national_standard_core_pending_structure_decomposition_extraction,PASS_UNICODE_IDENTITY,,,STRUCTURE_STANDARD_SOURCE_EXTRACTION_REQUIRED,,DECOMPOSITION_STANDARD_SOURCE_EXTRACTION_REQUIRED,,,,,COMPONENT_NAMES_STANDARD_SOURCE_REQUIRED,SINGLE_COMPONENT_SOURCE_CHECK_REQUIRED,RADICAL_STANDARD_SOURCE_CHECK_REQUIRED,STANDARD_DERIVED_STROKE_JOIN_READY,standard_extraction_planned_not_joined,GF0014_2009_COMPONENT_NAMES;GB13000_COMPONENT_SPEC_1998;GF0013_2009_SINGLE_COMPONENT;GG0011_2009_RADICALS;GF0031_2026_STROKE_ORDER;GF3002_1999_STROKE_ORDER;GB13000_FOLDED_STROKE;GF3003_1999_STROKE_ORDERING,CROSS_REFERENCE_CONTEXT_AVAILABLE,MISSING_STANDARD_STRUCTURE_SOURCE;MISSING_STANDARD_DECOMPOSITION_SOURCE,run_bounded_standard_source_extractor_with_human_review_gate,0,,NO_CNBE_WRITE,NO_DATABASE_REBUILD,STANDARDIZER_HANDOFF_ONLY_NOT_SCORE_OR_ENCODING
8105_core_control_060,符,U+7B26,31526,8105_core_control,national_standard_core_pending_structure_decomposition_extraction,PASS_UNICODE_IDENTITY,,,STRUCTURE_STANDARD_SOURCE_EXTRACTION_REQUIRED,,DECOMPOSITION_STANDARD_SOURCE_EXTRACTION_REQUIRED,,,,,COMPONENT_NAMES_STANDARD_SOURCE_REQUIRED,SINGLE_COMPONENT_SOURCE_CHECK_REQUIRED,RADICAL_STANDARD_SOURCE_CHECK_REQUIRED,STANDARD_DERIVED_STROKE_JOIN_READY,standard_extraction_planned_not_joined,GF0014_2009_COMPONENT_NAMES;GB13000_COMPONENT_SPEC_1998;GF0013_2009_SINGLE_COMPONENT;GG0011_2009_RADICALS;GF0031_2026_STROKE_ORDER;GF3002_1999_STROKE_ORDER;GB13000_FOLDED_STROKE;GF3003_1999_STROKE_ORDERING,CROSS_REFERENCE_CONTEXT_AVAILABLE,MISSING_STANDARD_STRUCTURE_SOURCE;MISSING_STANDARD_DECOMPOSITION_SOURCE,run_bounded_standard_source_extractor_with_human_review_gate,0,,NO_CNBE_WRITE,NO_DATABASE_REBUILD,STANDARDIZER_HANDOFF_ONLY_NOT_SCORE_OR_ENCODING
8105_core_control_061,篯,U+7BEF,31727,8105_core_control,national_standard_core_pending_structure_decomposition_extraction,PASS_UNICODE_IDENTITY,,,STRUCTURE_STANDARD_SOURCE_EXTRACTION_REQUIRED,,DECOMPOSITION_STANDARD_SOURCE_EXTRACTION_REQUIRED,,,,,COMPONENT_NAMES_STANDARD_SOURCE_REQUIRED,SINGLE_COMPONENT_SOURCE_CHECK_REQUIRED,RADICAL_STANDARD_SOURCE_CHECK_REQUIRED,STANDARD_DERIVED_STROKE_JOIN_READY,standard_extraction_planned_not_joined,GF0014_2009_COMPONENT_NAMES;GB13000_COMPONENT_SPEC_1998;GF0013_2009_SINGLE_COMPONENT;GG0011_2009_RADICALS;GF0031_2026_STROKE_ORDER;GF3002_1999_STROKE_ORDER;GB13000_FOLDED_STROKE;GF3003_1999_STROKE_ORDERING,NO_DICTIONARY_CONTEXT,MISSING_STANDARD_STRUCTURE_SOURCE;MISSING_STANDARD_DECOMPOSITION_SOURCE,run_bounded_standard_source_extractor_with_human_review_gate,0,,NO_CNBE_WRITE,NO_DATABASE_REBUILD,STANDARDIZER_HANDOFF_ONLY_NOT_SCORE_OR_ENCODING
8105_core_control_062,綦,U+7DA6,32166,8105_core_control,national_standard_core_pending_structure_decomposition_extraction,PASS_UNICODE_IDENTITY,,,STRUCTURE_STANDARD_SOURCE_EXTRACTION_REQUIRED,,DECOMPOSITION_STANDARD_SOURCE_EXTRACTION_REQUIRED,,,,,COMPONENT_NAMES_STANDARD_SOURCE_REQUIRED,SINGLE_COMPONENT_SOURCE_CHECK_REQUIRED,RADICAL_STANDARD_SOURCE_CHECK_REQUIRED,STANDARD_DERIVED_STROKE_JOIN_READY,standard_extraction_planned_not_joined,GF0014_2009_COMPONENT_NAMES;GB13000_COMPONENT_SPEC_1998;GF0013_2009_SINGLE_COMPONENT;GG0011_2009_RADICALS;GF0031_2026_STROKE_ORDER;GF3002_1999_STROKE_ORDER;GB13000_FOLDED_STROKE;GF3003_1999_STROKE_ORDERING,CROSS_REFERENCE_CONTEXT_AVAILABLE,MISSING_STANDARD_STRUCTURE_SOURCE;MISSING_STANDARD_DECOMPOSITION_SOURCE,run_bounded_standard_source_extractor_with_human_review_gate,0,,NO_CNBE_WRITE,NO_DATABASE_REBUILD,STANDARDIZER_HANDOFF_ONLY_NOT_SCORE_OR_ENCODING
8105_core_control_063,绨,U+7EE8,32488,8105_core_control,national_standard_core_pending_structure_decomposition_extraction,PASS_UNICODE_IDENTITY,,,STRUCTURE_STANDARD_SOURCE_EXTRACTION_REQUIRED,,DECOMPOSITION_STANDARD_SOURCE_EXTRACTION_REQUIRED,,,,,COMPONENT_NAMES_STANDARD_SOURCE_REQUIRED,SINGLE_COMPONENT_SOURCE_CHECK_REQUIRED,RADICAL_STANDARD_SOURCE_CHECK_REQUIRED,STANDARD_DERIVED_STROKE_JOIN_READY,standard_extraction_planned_not_joined,GF0014_2009_COMPONENT_NAMES;GB13000_COMPONENT_SPEC_1998;GF0013_2009_SINGLE_COMPONENT;GG0011_2009_RADICALS;GF0031_2026_STROKE_ORDER;GF3002_1999_STROKE_ORDER;GB13000_FOLDED_STROKE;GF3003_1999_STROKE_ORDERING,CROSS_REFERENCE_CONTEXT_AVAILABLE,MISSING_STANDARD_STRUCTURE_SOURCE;MISSING_STANDARD_DECOMPOSITION_SOURCE,run_bounded_standard_source_extractor_with_human_review_gate,0,,NO_CNBE_WRITE,NO_DATABASE_REBUILD,STANDARDIZER_HANDOFF_ONLY_NOT_SCORE_OR_ENCODING
8105_core_control_064,网,U+7F51,32593,8105_core_control,national_standard_core_pending_structure_decomposition_extraction,PASS_UNICODE_IDENTITY,,,STRUCTURE_STANDARD_SOURCE_EXTRACTION_REQUIRED,,DECOMPOSITION_STANDARD_SOURCE_EXTRACTION_REQUIRED,,,,,COMPONENT_NAMES_STANDARD_SOURCE_REQUIRED,SINGLE_COMPONENT_SOURCE_CHECK_REQUIRED,RADICAL_STANDARD_SOURCE_CHECK_REQUIRED,STANDARD_DERIVED_STROKE_JOIN_READY,standard_extraction_planned_not_joined,GF0014_2009_COMPONENT_NAMES;GB13000_COMPONENT_SPEC_1998;GF0013_2009_SINGLE_COMPONENT;GG0011_2009_RADICALS;GF0031_2026_STROKE_ORDER;GF3002_1999_STROKE_ORDER;GB13000_FOLDED_STROKE;GF3003_1999_STROKE_ORDERING,CROSS_REFERENCE_CONTEXT_AVAILABLE,MISSING_STANDARD_STRUCTURE_SOURCE;MISSING_STANDARD_DECOMPOSITION_SOURCE,run_bounded_standard_source_extractor_with_human_review_gate,0,,NO_CNBE_WRITE,NO_DATABASE_REBUILD,STANDARDIZER_HANDOFF_ONLY_NOT_SCORE_OR_ENCODING
8105_core_control_065,耋,U+800B,32779,8105_core_control,national_standard_core_pending_structure_decomposition_extraction,PASS_UNICODE_IDENTITY,,,STRUCTURE_STANDARD_SOURCE_EXTRACTION_REQUIRED,,DECOMPOSITION_STANDARD_SOURCE_EXTRACTION_REQUIRED,,,,,COMPONENT_NAMES_STANDARD_SOURCE_REQUIRED,SINGLE_COMPONENT_SOURCE_CHECK_REQUIRED,RADICAL_STANDARD_SOURCE_CHECK_REQUIRED,STANDARD_DERIVED_STROKE_JOIN_READY,standard_extraction_planned_not_joined,GF0014_2009_COMPONENT_NAMES;GB13000_COMPONENT_SPEC_1998;GF0013_2009_SINGLE_COMPONENT;GG0011_2009_RADICALS;GF0031_2026_STROKE_ORDER;GF3002_1999_STROKE_ORDER;GB13000_FOLDED_STROKE;GF3003_1999_STROKE_ORDERING,NO_DICTIONARY_CONTEXT,MISSING_STANDARD_STRUCTURE_SOURCE;MISSING_STANDARD_DECOMPOSITION_SOURCE,run_bounded_standard_source_extractor_with_human_review_gate,0,,NO_CNBE_WRITE,NO_DATABASE_REBUILD,STANDARDIZER_HANDOFF_ONLY_NOT_SCORE_OR_ENCODING
8105_core_control_066,肿,U+80BF,32959,8105_core_control,national_standard_core_pending_structure_decomposition_extraction,PASS_UNICODE_IDENTITY,,,STRUCTURE_STANDARD_SOURCE_EXTRACTION_REQUIRED,,DECOMPOSITION_STANDARD_SOURCE_EXTRACTION_REQUIRED,,,,,COMPONENT_NAMES_STANDARD_SOURCE_REQUIRED,SINGLE_COMPONENT_SOURCE_CHECK_REQUIRED,RADICAL_STANDARD_SOURCE_CHECK_REQUIRED,STANDARD_DERIVED_STROKE_JOIN_READY,standard_extraction_planned_not_joined,GF0014_2009_COMPONENT_NAMES;GB13000_COMPONENT_SPEC_1998;GF0013_2009_SINGLE_COMPONENT;GG0011_2009_RADICALS;GF0031_2026_STROKE_ORDER;GF3002_1999_STROKE_ORDER;GB13000_FOLDED_STROKE;GF3003_1999_STROKE_ORDERING,CROSS_REFERENCE_CONTEXT_AVAILABLE,MISSING_STANDARD_STRUCTURE_SOURCE;MISSING_STANDARD_DECOMPOSITION_SOURCE,run_bounded_standard_source_extractor_with_human_review_gate,0,,NO_CNBE_WRITE,NO_DATABASE_REBUILD,STANDARDIZER_HANDOFF_ONLY_NOT_SCORE_OR_ENCODING
8105_core_control_067,腠,U+8160,33120,8105_core_control,national_standard_core_pending_structure_decomposition_extraction,PASS_UNICODE_IDENTITY,,,STRUCTURE_STANDARD_SOURCE_EXTRACTION_REQUIRED,,DECOMPOSITION_STANDARD_SOURCE_EXTRACTION_REQUIRED,,,,,COMPONENT_NAMES_STANDARD_SOURCE_REQUIRED,SINGLE_COMPONENT_SOURCE_CHECK_REQUIRED,RADICAL_STANDARD_SOURCE_CHECK_REQUIRED,STANDARD_DERIVED_STROKE_JOIN_READY,standard_extraction_planned_not_joined,GF0014_2009_COMPONENT_NAMES;GB13000_COMPONENT_SPEC_1998;GF0013_2009_SINGLE_COMPONENT;GG0011_2009_RADICALS;GF0031_2026_STROKE_ORDER;GF3002_1999_STROKE_ORDER;GB13000_FOLDED_STROKE;GF3003_1999_STROKE_ORDERING,NO_DICTIONARY_CONTEXT,MISSING_STANDARD_STRUCTURE_SOURCE;MISSING_STANDARD_DECOMPOSITION_SOURCE,run_bounded_standard_source_extractor_with_human_review_gate,0,,NO_CNBE_WRITE,NO_DATABASE_REBUILD,STANDARDIZER_HANDOFF_ONLY_NOT_SCORE_OR_ENCODING
8105_core_control_068,舶,U+8236,33334,8105_core_control,national_standard_core_pending_structure_decomposition_extraction,PASS_UNICODE_IDENTITY,,,STRUCTURE_STANDARD_SOURCE_EXTRACTION_REQUIRED,,DECOMPOSITION_STANDARD_SOURCE_EXTRACTION_REQUIRED,,,,,COMPONENT_NAMES_STANDARD_SOURCE_REQUIRED,SINGLE_COMPONENT_SOURCE_CHECK_REQUIRED,RADICAL_STANDARD_SOURCE_CHECK_REQUIRED,STANDARD_DERIVED_STROKE_JOIN_READY,standard_extraction_planned_not_joined,GF0014_2009_COMPONENT_NAMES;GB13000_COMPONENT_SPEC_1998;GF0013_2009_SINGLE_COMPONENT;GG0011_2009_RADICALS;GF0031_2026_STROKE_ORDER;GF3002_1999_STROKE_ORDER;GB13000_FOLDED_STROKE;GF3003_1999_STROKE_ORDERING,CROSS_REFERENCE_CONTEXT_AVAILABLE,MISSING_STANDARD_STRUCTURE_SOURCE;MISSING_STANDARD_DECOMPOSITION_SOURCE,run_bounded_standard_source_extractor_with_human_review_gate,0,,NO_CNBE_WRITE,NO_DATABASE_REBUILD,STANDARDIZER_HANDOFF_ONLY_NOT_SCORE_OR_ENCODING
8105_core_control_069,苓,U+82D3,33491,8105_core_control,national_standard_core_pending_structure_decomposition_extraction,PASS_UNICODE_IDENTITY,,,STRUCTURE_STANDARD_SOURCE_EXTRACTION_REQUIRED,,DECOMPOSITION_STANDARD_SOURCE_EXTRACTION_REQUIRED,,,,,COMPONENT_NAMES_STANDARD_SOURCE_REQUIRED,SINGLE_COMPONENT_SOURCE_CHECK_REQUIRED,RADICAL_STANDARD_SOURCE_CHECK_REQUIRED,STANDARD_DERIVED_STROKE_JOIN_READY,standard_extraction_planned_not_joined,GF0014_2009_COMPONENT_NAMES;GB13000_COMPONENT_SPEC_1998;GF0013_2009_SINGLE_COMPONENT;GG0011_2009_RADICALS;GF0031_2026_STROKE_ORDER;GF3002_1999_STROKE_ORDER;GB13000_FOLDED_STROKE;GF3003_1999_STROKE_ORDERING,CROSS_REFERENCE_CONTEXT_AVAILABLE,MISSING_STANDARD_STRUCTURE_SOURCE;MISSING_STANDARD_DECOMPOSITION_SOURCE,run_bounded_standard_source_extractor_with_human_review_gate,0,,NO_CNBE_WRITE,NO_DATABASE_REBUILD,STANDARDIZER_HANDOFF_ONLY_NOT_SCORE_OR_ENCODING
8105_core_control_070,荠,U+8360,33632,8105_core_control,national_standard_core_pending_structure_decomposition_extraction,PASS_UNICODE_IDENTITY,,,STRUCTURE_STANDARD_SOURCE_EXTRACTION_REQUIRED,,DECOMPOSITION_STANDARD_SOURCE_EXTRACTION_REQUIRED,,,,,COMPONENT_NAMES_STANDARD_SOURCE_REQUIRED,SINGLE_COMPONENT_SOURCE_CHECK_REQUIRED,RADICAL_STANDARD_SOURCE_CHECK_REQUIRED,STANDARD_DERIVED_STROKE_JOIN_READY,standard_extraction_planned_not_joined,GF0014_2009_COMPONENT_NAMES;GB13000_COMPONENT_SPEC_1998;GF0013_2009_SINGLE_COMPONENT;GG0011_2009_RADICALS;GF0031_2026_STROKE_ORDER;GF3002_1999_STROKE_ORDER;GB13000_FOLDED_STROKE;GF3003_1999_STROKE_ORDERING,CROSS_REFERENCE_CONTEXT_AVAILABLE,MISSING_STANDARD_STRUCTURE_SOURCE;MISSING_STANDARD_DECOMPOSITION_SOURCE,run_bounded_standard_source_extractor_with_human_review_gate,0,,NO_CNBE_WRITE,NO_DATABASE_REBUILD,STANDARDIZER_HANDOFF_ONLY_NOT_SCORE_OR_ENCODING
8105_core_control_071,萌,U+840C,33804,8105_core_control,national_standard_core_pending_structure_decomposition_extraction,PASS_UNICODE_IDENTITY,,,STRUCTURE_STANDARD_SOURCE_EXTRACTION_REQUIRED,,DECOMPOSITION_STANDARD_SOURCE_EXTRACTION_REQUIRED,,,,,COMPONENT_NAMES_STANDARD_SOURCE_REQUIRED,SINGLE_COMPONENT_SOURCE_CHECK_REQUIRED,RADICAL_STANDARD_SOURCE_CHECK_REQUIRED,STANDARD_DERIVED_STROKE_JOIN_READY,standard_extraction_planned_not_joined,GF0014_2009_COMPONENT_NAMES;GB13000_COMPONENT_SPEC_1998;GF0013_2009_SINGLE_COMPONENT;GG0011_2009_RADICALS;GF0031_2026_STROKE_ORDER;GF3002_1999_STROKE_ORDER;GB13000_FOLDED_STROKE;GF3003_1999_STROKE_ORDERING,CROSS_REFERENCE_CONTEXT_AVAILABLE,MISSING_STANDARD_STRUCTURE_SOURCE;MISSING_STANDARD_DECOMPOSITION_SOURCE,run_bounded_standard_source_extractor_with_human_review_gate,0,,NO_CNBE_WRITE,NO_DATABASE_REBUILD,STANDARDIZER_HANDOFF_ONLY_NOT_SCORE_OR_ENCODING
8105_core_control_072,蓝,U+84DD,34013,8105_core_control,national_standard_core_pending_structure_decomposition_extraction,PASS_UNICODE_IDENTITY,,,STRUCTURE_STANDARD_SOURCE_EXTRACTION_REQUIRED,,DECOMPOSITION_STANDARD_SOURCE_EXTRACTION_REQUIRED,,,,,COMPONENT_NAMES_STANDARD_SOURCE_REQUIRED,SINGLE_COMPONENT_SOURCE_CHECK_REQUIRED,RADICAL_STANDARD_SOURCE_CHECK_REQUIRED,STANDARD_DERIVED_STROKE_JOIN_READY,standard_extraction_planned_not_joined,GF0014_2009_COMPONENT_NAMES;GB13000_COMPONENT_SPEC_1998;GF0013_2009_SINGLE_COMPONENT;GG0011_2009_RADICALS;GF0031_2026_STROKE_ORDER;GF3002_1999_STROKE_ORDER;GB13000_FOLDED_STROKE;GF3003_1999_STROKE_ORDERING,CROSS_REFERENCE_CONTEXT_AVAILABLE,MISSING_STANDARD_STRUCTURE_SOURCE;MISSING_STANDARD_DECOMPOSITION_SOURCE,run_bounded_standard_source_extractor_with_human_review_gate,0,,NO_CNBE_WRITE,NO_DATABASE_REBUILD,STANDARDIZER_HANDOFF_ONLY_NOT_SCORE_OR_ENCODING
8105_core_control_073,蘅,U+8605,34309,8105_core_control,national_standard_core_pending_structure_decomposition_extraction,PASS_UNICODE_IDENTITY,,,STRUCTURE_STANDARD_SOURCE_EXTRACTION_REQUIRED,,DECOMPOSITION_STANDARD_SOURCE_EXTRACTION_REQUIRED,,,,,COMPONENT_NAMES_STANDARD_SOURCE_REQUIRED,SINGLE_COMPONENT_SOURCE_CHECK_REQUIRED,RADICAL_STANDARD_SOURCE_CHECK_REQUIRED,STANDARD_DERIVED_STROKE_JOIN_READY,standard_extraction_planned_not_joined,GF0014_2009_COMPONENT_NAMES;GB13000_COMPONENT_SPEC_1998;GF0013_2009_SINGLE_COMPONENT;GG0011_2009_RADICALS;GF0031_2026_STROKE_ORDER;GF3002_1999_STROKE_ORDER;GB13000_FOLDED_STROKE;GF3003_1999_STROKE_ORDERING,NO_DICTIONARY_CONTEXT,MISSING_STANDARD_STRUCTURE_SOURCE;MISSING_STANDARD_DECOMPOSITION_SOURCE,run_bounded_standard_source_extractor_with_human_review_gate,0,,NO_CNBE_WRITE,NO_DATABASE_REBUILD,STANDARDIZER_HANDOFF_ONLY_NOT_SCORE_OR_ENCODING
8105_core_control_074,蛱,U+86F1,34545,8105_core_control,national_standard_core_pending_structure_decomposition_extraction,PASS_UNICODE_IDENTITY,,,STRUCTURE_STANDARD_SOURCE_EXTRACTION_REQUIRED,,DECOMPOSITION_STANDARD_SOURCE_EXTRACTION_REQUIRED,,,,,COMPONENT_NAMES_STANDARD_SOURCE_REQUIRED,SINGLE_COMPONENT_SOURCE_CHECK_REQUIRED,RADICAL_STANDARD_SOURCE_CHECK_REQUIRED,STANDARD_DERIVED_STROKE_JOIN_READY,standard_extraction_planned_not_joined,GF0014_2009_COMPONENT_NAMES;GB13000_COMPONENT_SPEC_1998;GF0013_2009_SINGLE_COMPONENT;GG0011_2009_RADICALS;GF0031_2026_STROKE_ORDER;GF3002_1999_STROKE_ORDER;GB13000_FOLDED_STROKE;GF3003_1999_STROKE_ORDERING,NO_DICTIONARY_CONTEXT,MISSING_STANDARD_STRUCTURE_SOURCE;MISSING_STANDARD_DECOMPOSITION_SOURCE,run_bounded_standard_source_extractor_with_human_review_gate,0,,NO_CNBE_WRITE,NO_DATABASE_REBUILD,STANDARDIZER_HANDOFF_ONLY_NOT_SCORE_OR_ENCODING
8105_core_control_075,蟋,U+87CB,34763,8105_core_control,national_standard_core_pending_structure_decomposition_extraction,PASS_UNICODE_IDENTITY,,,STRUCTURE_STANDARD_SOURCE_EXTRACTION_REQUIRED,,DECOMPOSITION_STANDARD_SOURCE_EXTRACTION_REQUIRED,,,,,COMPONENT_NAMES_STANDARD_SOURCE_REQUIRED,SINGLE_COMPONENT_SOURCE_CHECK_REQUIRED,RADICAL_STANDARD_SOURCE_CHECK_REQUIRED,STANDARD_DERIVED_STROKE_JOIN_READY,standard_extraction_planned_not_joined,GF0014_2009_COMPONENT_NAMES;GB13000_COMPONENT_SPEC_1998;GF0013_2009_SINGLE_COMPONENT;GG0011_2009_RADICALS;GF0031_2026_STROKE_ORDER;GF3002_1999_STROKE_ORDER;GB13000_FOLDED_STROKE;GF3003_1999_STROKE_ORDERING,CROSS_REFERENCE_CONTEXT_AVAILABLE,MISSING_STANDARD_STRUCTURE_SOURCE;MISSING_STANDARD_DECOMPOSITION_SOURCE,run_bounded_standard_source_extractor_with_human_review_gate,0,,NO_CNBE_WRITE,NO_DATABASE_REBUILD,STANDARDIZER_HANDOFF_ONLY_NOT_SCORE_OR_ENCODING
8105_core_control_076,裘,U+88D8,35032,8105_core_control,national_standard_core_pending_structure_decomposition_extraction,PASS_UNICODE_IDENTITY,,,STRUCTURE_STANDARD_SOURCE_EXTRACTION_REQUIRED,,DECOMPOSITION_STANDARD_SOURCE_EXTRACTION_REQUIRED,,,,,COMPONENT_NAMES_STANDARD_SOURCE_REQUIRED,SINGLE_COMPONENT_SOURCE_CHECK_REQUIRED,RADICAL_STANDARD_SOURCE_CHECK_REQUIRED,STANDARD_DERIVED_STROKE_JOIN_READY,standard_extraction_planned_not_joined,GF0014_2009_COMPONENT_NAMES;GB13000_COMPONENT_SPEC_1998;GF0013_2009_SINGLE_COMPONENT;GG0011_2009_RADICALS;GF0031_2026_STROKE_ORDER;GF3002_1999_STROKE_ORDER;GB13000_FOLDED_STROKE;GF3003_1999_STROKE_ORDERING,CROSS_REFERENCE_CONTEXT_AVAILABLE,MISSING_STANDARD_STRUCTURE_SOURCE;MISSING_STANDARD_DECOMPOSITION_SOURCE,run_bounded_standard_source_extractor_with_human_review_gate,0,,NO_CNBE_WRITE,NO_DATABASE_REBUILD,STANDARDIZER_HANDOFF_ONLY_NOT_SCORE_OR_ENCODING
8105_core_control_077,訇,U+8A07,35335,8105_core_control,national_standard_core_pending_structure_decomposition_extraction,PASS_UNICODE_IDENTITY,,,STRUCTURE_STANDARD_SOURCE_EXTRACTION_REQUIRED,,DECOMPOSITION_STANDARD_SOURCE_EXTRACTION_REQUIRED,,,,,COMPONENT_NAMES_STANDARD_SOURCE_REQUIRED,SINGLE_COMPONENT_SOURCE_CHECK_REQUIRED,RADICAL_STANDARD_SOURCE_CHECK_REQUIRED,STANDARD_DERIVED_STROKE_JOIN_READY,standard_extraction_planned_not_joined,GF0014_2009_COMPONENT_NAMES;GB13000_COMPONENT_SPEC_1998;GF0013_2009_SINGLE_COMPONENT;GG0011_2009_RADICALS;GF0031_2026_STROKE_ORDER;GF3002_1999_STROKE_ORDER;GB13000_FOLDED_STROKE;GF3003_1999_STROKE_ORDERING,NO_DICTIONARY_CONTEXT,MISSING_STANDARD_STRUCTURE_SOURCE;MISSING_STANDARD_DECOMPOSITION_SOURCE,run_bounded_standard_source_extractor_with_human_review_gate,0,,NO_CNBE_WRITE,NO_DATABASE_REBUILD,STANDARDIZER_HANDOFF_ONLY_NOT_SCORE_OR_ENCODING
8105_core_control_078,诨,U+8BE8,35816,8105_core_control,national_standard_core_pending_structure_decomposition_extraction,PASS_UNICODE_IDENTITY,,,STRUCTURE_STANDARD_SOURCE_EXTRACTION_REQUIRED,,DECOMPOSITION_STANDARD_SOURCE_EXTRACTION_REQUIRED,,,,,COMPONENT_NAMES_STANDARD_SOURCE_REQUIRED,SINGLE_COMPONENT_SOURCE_CHECK_REQUIRED,RADICAL_STANDARD_SOURCE_CHECK_REQUIRED,STANDARD_DERIVED_STROKE_JOIN_READY,standard_extraction_planned_not_joined,GF0014_2009_COMPONENT_NAMES;GB13000_COMPONENT_SPEC_1998;GF0013_2009_SINGLE_COMPONENT;GG0011_2009_RADICALS;GF0031_2026_STROKE_ORDER;GF3002_1999_STROKE_ORDER;GB13000_FOLDED_STROKE;GF3003_1999_STROKE_ORDERING,NO_DICTIONARY_CONTEXT,MISSING_STANDARD_STRUCTURE_SOURCE;MISSING_STANDARD_DECOMPOSITION_SOURCE,run_bounded_standard_source_extractor_with_human_review_gate,0,,NO_CNBE_WRITE,NO_DATABASE_REBUILD,STANDARDIZER_HANDOFF_ONLY_NOT_SCORE_OR_ENCODING
8105_core_control_079,豌,U+8C4C,35916,8105_core_control,national_standard_core_pending_structure_decomposition_extraction,PASS_UNICODE_IDENTITY,,,STRUCTURE_STANDARD_SOURCE_EXTRACTION_REQUIRED,,DECOMPOSITION_STANDARD_SOURCE_EXTRACTION_REQUIRED,,,,,COMPONENT_NAMES_STANDARD_SOURCE_REQUIRED,SINGLE_COMPONENT_SOURCE_CHECK_REQUIRED,RADICAL_STANDARD_SOURCE_CHECK_REQUIRED,STANDARD_DERIVED_STROKE_JOIN_READY,standard_extraction_planned_not_joined,GF0014_2009_COMPONENT_NAMES;GB13000_COMPONENT_SPEC_1998;GF0013_2009_SINGLE_COMPONENT;GG0011_2009_RADICALS;GF0031_2026_STROKE_ORDER;GF3002_1999_STROKE_ORDER;GB13000_FOLDED_STROKE;GF3003_1999_STROKE_ORDERING,CROSS_REFERENCE_CONTEXT_AVAILABLE,MISSING_STANDARD_STRUCTURE_SOURCE;MISSING_STANDARD_DECOMPOSITION_SOURCE,run_bounded_standard_source_extractor_with_human_review_gate,0,,NO_CNBE_WRITE,NO_DATABASE_REBUILD,STANDARDIZER_HANDOFF_ONLY_NOT_SCORE_OR_ENCODING
8105_core_control_080,赛,U+8D5B,36187,8105_core_control,national_standard_core_pending_structure_decomposition_extraction,PASS_UNICODE_IDENTITY,,,STRUCTURE_STANDARD_SOURCE_EXTRACTION_REQUIRED,,DECOMPOSITION_STANDARD_SOURCE_EXTRACTION_REQUIRED,,,,,COMPONENT_NAMES_STANDARD_SOURCE_REQUIRED,SINGLE_COMPONENT_SOURCE_CHECK_REQUIRED,RADICAL_STANDARD_SOURCE_CHECK_REQUIRED,STANDARD_DERIVED_STROKE_JOIN_READY,standard_extraction_planned_not_joined,GF0014_2009_COMPONENT_NAMES;GB13000_COMPONENT_SPEC_1998;GF0013_2009_SINGLE_COMPONENT;GG0011_2009_RADICALS;GF0031_2026_STROKE_ORDER;GF3002_1999_STROKE_ORDER;GB13000_FOLDED_STROKE;GF3003_1999_STROKE_ORDERING,CROSS_REFERENCE_CONTEXT_AVAILABLE,MISSING_STANDARD_STRUCTURE_SOURCE;MISSING_STANDARD_DECOMPOSITION_SOURCE,run_bounded_standard_source_extractor_with_human_review_gate,0,,NO_CNBE_WRITE,NO_DATABASE_REBUILD,STANDARDIZER_HANDOFF_ONLY_NOT_SCORE_OR_ENCODING
8105_core_control_081,踟,U+8E1F,36383,8105_core_control,national_standard_core_pending_structure_decomposition_extraction,PASS_UNICODE_IDENTITY,,,STRUCTURE_STANDARD_SOURCE_EXTRACTION_REQUIRED,,DECOMPOSITION_STANDARD_SOURCE_EXTRACTION_REQUIRED,,,,,COMPONENT_NAMES_STANDARD_SOURCE_REQUIRED,SINGLE_COMPONENT_SOURCE_CHECK_REQUIRED,RADICAL_STANDARD_SOURCE_CHECK_REQUIRED,STANDARD_DERIVED_STROKE_JOIN_READY,standard_extraction_planned_not_joined,GF0014_2009_COMPONENT_NAMES;GB13000_COMPONENT_SPEC_1998;GF0013_2009_SINGLE_COMPONENT;GG0011_2009_RADICALS;GF0031_2026_STROKE_ORDER;GF3002_1999_STROKE_ORDER;GB13000_FOLDED_STROKE;GF3003_1999_STROKE_ORDERING,NO_DICTIONARY_CONTEXT,MISSING_STANDARD_STRUCTURE_SOURCE;MISSING_STANDARD_DECOMPOSITION_SOURCE,run_bounded_standard_source_extractor_with_human_review_gate,0,,NO_CNBE_WRITE,NO_DATABASE_REBUILD,STANDARDIZER_HANDOFF_ONLY_NOT_SCORE_OR_ENCODING
8105_core_control_082,轾,U+8F7E,36734,8105_core_control,national_standard_core_pending_structure_decomposition_extraction,PASS_UNICODE_IDENTITY,,,STRUCTURE_STANDARD_SOURCE_EXTRACTION_REQUIRED,,DECOMPOSITION_STANDARD_SOURCE_EXTRACTION_REQUIRED,,,,,COMPONENT_NAMES_STANDARD_SOURCE_REQUIRED,SINGLE_COMPONENT_SOURCE_CHECK_REQUIRED,RADICAL_STANDARD_SOURCE_CHECK_REQUIRED,STANDARD_DERIVED_STROKE_JOIN_READY,standard_extraction_planned_not_joined,GF0014_2009_COMPONENT_NAMES;GB13000_COMPONENT_SPEC_1998;GF0013_2009_SINGLE_COMPONENT;GG0011_2009_RADICALS;GF0031_2026_STROKE_ORDER;GF3002_1999_STROKE_ORDER;GB13000_FOLDED_STROKE;GF3003_1999_STROKE_ORDERING,NO_DICTIONARY_CONTEXT,MISSING_STANDARD_STRUCTURE_SOURCE;MISSING_STANDARD_DECOMPOSITION_SOURCE,run_bounded_standard_source_extractor_with_human_review_gate,0,,NO_CNBE_WRITE,NO_DATABASE_REBUILD,STANDARDIZER_HANDOFF_ONLY_NOT_SCORE_OR_ENCODING
8105_core_control_083,适,U+9002,36866,8105_core_control,national_standard_core_pending_structure_decomposition_extraction,PASS_UNICODE_IDENTITY,,,STRUCTURE_STANDARD_SOURCE_EXTRACTION_REQUIRED,,DECOMPOSITION_STANDARD_SOURCE_EXTRACTION_REQUIRED,,,,,COMPONENT_NAMES_STANDARD_SOURCE_REQUIRED,SINGLE_COMPONENT_SOURCE_CHECK_REQUIRED,RADICAL_STANDARD_SOURCE_CHECK_REQUIRED,STANDARD_DERIVED_STROKE_JOIN_READY,standard_extraction_planned_not_joined,GF0014_2009_COMPONENT_NAMES;GB13000_COMPONENT_SPEC_1998;GF0013_2009_SINGLE_COMPONENT;GG0011_2009_RADICALS;GF0031_2026_STROKE_ORDER;GF3002_1999_STROKE_ORDER;GB13000_FOLDED_STROKE;GF3003_1999_STROKE_ORDERING,CROSS_REFERENCE_CONTEXT_AVAILABLE,MISSING_STANDARD_STRUCTURE_SOURCE;MISSING_STANDARD_DECOMPOSITION_SOURCE,run_bounded_standard_source_extractor_with_human_review_gate,0,,NO_CNBE_WRITE,NO_DATABASE_REBUILD,STANDARDIZER_HANDOFF_ONLY_NOT_SCORE_OR_ENCODING
8105_core_control_084,邯,U+90AF,37039,8105_core_control,national_standard_core_pending_structure_decomposition_extraction,PASS_UNICODE_IDENTITY,,,STRUCTURE_STANDARD_SOURCE_EXTRACTION_REQUIRED,,DECOMPOSITION_STANDARD_SOURCE_EXTRACTION_REQUIRED,,,,,COMPONENT_NAMES_STANDARD_SOURCE_REQUIRED,SINGLE_COMPONENT_SOURCE_CHECK_REQUIRED,RADICAL_STANDARD_SOURCE_CHECK_REQUIRED,STANDARD_DERIVED_STROKE_JOIN_READY,standard_extraction_planned_not_joined,GF0014_2009_COMPONENT_NAMES;GB13000_COMPONENT_SPEC_1998;GF0013_2009_SINGLE_COMPONENT;GG0011_2009_RADICALS;GF0031_2026_STROKE_ORDER;GF3002_1999_STROKE_ORDER;GB13000_FOLDED_STROKE;GF3003_1999_STROKE_ORDERING,CROSS_REFERENCE_CONTEXT_AVAILABLE,MISSING_STANDARD_STRUCTURE_SOURCE;MISSING_STANDARD_DECOMPOSITION_SOURCE,run_bounded_standard_source_extractor_with_human_review_gate,0,,NO_CNBE_WRITE,NO_DATABASE_REBUILD,STANDARDIZER_HANDOFF_ONLY_NOT_SCORE_OR_ENCODING
8105_core_control_085,酝,U+915D,37213,8105_core_control,national_standard_core_pending_structure_decomposition_extraction,PASS_UNICODE_IDENTITY,,,STRUCTURE_STANDARD_SOURCE_EXTRACTION_REQUIRED,,DECOMPOSITION_STANDARD_SOURCE_EXTRACTION_REQUIRED,,,,,COMPONENT_NAMES_STANDARD_SOURCE_REQUIRED,SINGLE_COMPONENT_SOURCE_CHECK_REQUIRED,RADICAL_STANDARD_SOURCE_CHECK_REQUIRED,STANDARD_DERIVED_STROKE_JOIN_READY,standard_extraction_planned_not_joined,GF0014_2009_COMPONENT_NAMES;GB13000_COMPONENT_SPEC_1998;GF0013_2009_SINGLE_COMPONENT;GG0011_2009_RADICALS;GF0031_2026_STROKE_ORDER;GF3002_1999_STROKE_ORDER;GB13000_FOLDED_STROKE;GF3003_1999_STROKE_ORDERING,CROSS_REFERENCE_CONTEXT_AVAILABLE,MISSING_STANDARD_STRUCTURE_SOURCE;MISSING_STANDARD_DECOMPOSITION_SOURCE,run_bounded_standard_source_extractor_with_human_review_gate,0,,NO_CNBE_WRITE,NO_DATABASE_REBUILD,STANDARDIZER_HANDOFF_ONLY_NOT_SCORE_OR_ENCODING
8105_core_control_086,钔,U+9494,38036,8105_core_control,national_standard_core_pending_structure_decomposition_extraction,PASS_UNICODE_IDENTITY,,,STRUCTURE_STANDARD_SOURCE_EXTRACTION_REQUIRED,,DECOMPOSITION_STANDARD_SOURCE_EXTRACTION_REQUIRED,,,,,COMPONENT_NAMES_STANDARD_SOURCE_REQUIRED,SINGLE_COMPONENT_SOURCE_CHECK_REQUIRED,RADICAL_STANDARD_SOURCE_CHECK_REQUIRED,STANDARD_DERIVED_STROKE_JOIN_READY,standard_extraction_planned_not_joined,GF0014_2009_COMPONENT_NAMES;GB13000_COMPONENT_SPEC_1998;GF0013_2009_SINGLE_COMPONENT;GG0011_2009_RADICALS;GF0031_2026_STROKE_ORDER;GF3002_1999_STROKE_ORDER;GB13000_FOLDED_STROKE;GF3003_1999_STROKE_ORDERING,NO_DICTIONARY_CONTEXT,MISSING_STANDARD_STRUCTURE_SOURCE;MISSING_STANDARD_DECOMPOSITION_SOURCE,run_bounded_standard_source_extractor_with_human_review_gate,0,,NO_CNBE_WRITE,NO_DATABASE_REBUILD,STANDARDIZER_HANDOFF_ONLY_NOT_SCORE_OR_ENCODING
8105_core_control_087,铬,U+94EC,38124,8105_core_control,national_standard_core_pending_structure_decomposition_extraction,PASS_UNICODE_IDENTITY,,,STRUCTURE_STANDARD_SOURCE_EXTRACTION_REQUIRED,,DECOMPOSITION_STANDARD_SOURCE_EXTRACTION_REQUIRED,,,,,COMPONENT_NAMES_STANDARD_SOURCE_REQUIRED,SINGLE_COMPONENT_SOURCE_CHECK_REQUIRED,RADICAL_STANDARD_SOURCE_CHECK_REQUIRED,STANDARD_DERIVED_STROKE_JOIN_READY,standard_extraction_planned_not_joined,GF0014_2009_COMPONENT_NAMES;GB13000_COMPONENT_SPEC_1998;GF0013_2009_SINGLE_COMPONENT;GG0011_2009_RADICALS;GF0031_2026_STROKE_ORDER;GF3002_1999_STROKE_ORDER;GB13000_FOLDED_STROKE;GF3003_1999_STROKE_ORDERING,CROSS_REFERENCE_CONTEXT_AVAILABLE,MISSING_STANDARD_STRUCTURE_SOURCE;MISSING_STANDARD_DECOMPOSITION_SOURCE,run_bounded_standard_source_extractor_with_human_review_gate,0,,NO_CNBE_WRITE,NO_DATABASE_REBUILD,STANDARDIZER_HANDOFF_ONLY_NOT_SCORE_OR_ENCODING
8105_core_control_088,锿,U+953F,38207,8105_core_control,national_standard_core_pending_structure_decomposition_extraction,PASS_UNICODE_IDENTITY,,,STRUCTURE_STANDARD_SOURCE_EXTRACTION_REQUIRED,,DECOMPOSITION_STANDARD_SOURCE_EXTRACTION_REQUIRED,,,,,COMPONENT_NAMES_STANDARD_SOURCE_REQUIRED,SINGLE_COMPONENT_SOURCE_CHECK_REQUIRED,RADICAL_STANDARD_SOURCE_CHECK_REQUIRED,STANDARD_DERIVED_STROKE_JOIN_READY,standard_extraction_planned_not_joined,GF0014_2009_COMPONENT_NAMES;GB13000_COMPONENT_SPEC_1998;GF0013_2009_SINGLE_COMPONENT;GG0011_2009_RADICALS;GF0031_2026_STROKE_ORDER;GF3002_1999_STROKE_ORDER;GB13000_FOLDED_STROKE;GF3003_1999_STROKE_ORDERING,NO_DICTIONARY_CONTEXT,MISSING_STANDARD_STRUCTURE_SOURCE;MISSING_STANDARD_DECOMPOSITION_SOURCE,run_bounded_standard_source_extractor_with_human_review_gate,0,,NO_CNBE_WRITE,NO_DATABASE_REBUILD,STANDARDIZER_HANDOFF_ONLY_NOT_SCORE_OR_ENCODING
8105_core_control_089,阄,U+9604,38404,8105_core_control,national_standard_core_pending_structure_decomposition_extraction,PASS_UNICODE_IDENTITY,,,STRUCTURE_STANDARD_SOURCE_EXTRACTION_REQUIRED,,DECOMPOSITION_STANDARD_SOURCE_EXTRACTION_REQUIRED,,,,,COMPONENT_NAMES_STANDARD_SOURCE_REQUIRED,SINGLE_COMPONENT_SOURCE_CHECK_REQUIRED,RADICAL_STANDARD_SOURCE_CHECK_REQUIRED,STANDARD_DERIVED_STROKE_JOIN_READY,standard_extraction_planned_not_joined,GF0014_2009_COMPONENT_NAMES;GB13000_COMPONENT_SPEC_1998;GF0013_2009_SINGLE_COMPONENT;GG0011_2009_RADICALS;GF0031_2026_STROKE_ORDER;GF3002_1999_STROKE_ORDER;GB13000_FOLDED_STROKE;GF3003_1999_STROKE_ORDERING,NO_DICTIONARY_CONTEXT,MISSING_STANDARD_STRUCTURE_SOURCE;MISSING_STANDARD_DECOMPOSITION_SOURCE,run_bounded_standard_source_extractor_with_human_review_gate,0,,NO_CNBE_WRITE,NO_DATABASE_REBUILD,STANDARDIZER_HANDOFF_ONLY_NOT_SCORE_OR_ENCODING
8105_core_control_090,障,U+969C,38556,8105_core_control,national_standard_core_pending_structure_decomposition_extraction,PASS_UNICODE_IDENTITY,,,STRUCTURE_STANDARD_SOURCE_EXTRACTION_REQUIRED,,DECOMPOSITION_STANDARD_SOURCE_EXTRACTION_REQUIRED,,,,,COMPONENT_NAMES_STANDARD_SOURCE_REQUIRED,SINGLE_COMPONENT_SOURCE_CHECK_REQUIRED,RADICAL_STANDARD_SOURCE_CHECK_REQUIRED,STANDARD_DERIVED_STROKE_JOIN_READY,standard_extraction_planned_not_joined,GF0014_2009_COMPONENT_NAMES;GB13000_COMPONENT_SPEC_1998;GF0013_2009_SINGLE_COMPONENT;GG0011_2009_RADICALS;GF0031_2026_STROKE_ORDER;GF3002_1999_STROKE_ORDER;GB13000_FOLDED_STROKE;GF3003_1999_STROKE_ORDERING,CROSS_REFERENCE_CONTEXT_AVAILABLE,MISSING_STANDARD_STRUCTURE_SOURCE;MISSING_STANDARD_DECOMPOSITION_SOURCE,run_bounded_standard_source_extractor_with_human_review_gate,0,,NO_CNBE_WRITE,NO_DATABASE_REBUILD,STANDARDIZER_HANDOFF_ONLY_NOT_SCORE_OR_ENCODING
8105_core_control_091,鞋,U+978B,38795,8105_core_control,national_standard_core_pending_structure_decomposition_extraction,PASS_UNICODE_IDENTITY,,,STRUCTURE_STANDARD_SOURCE_EXTRACTION_REQUIRED,,DECOMPOSITION_STANDARD_SOURCE_EXTRACTION_REQUIRED,,,,,COMPONENT_NAMES_STANDARD_SOURCE_REQUIRED,SINGLE_COMPONENT_SOURCE_CHECK_REQUIRED,RADICAL_STANDARD_SOURCE_CHECK_REQUIRED,STANDARD_DERIVED_STROKE_JOIN_READY,standard_extraction_planned_not_joined,GF0014_2009_COMPONENT_NAMES;GB13000_COMPONENT_SPEC_1998;GF0013_2009_SINGLE_COMPONENT;GG0011_2009_RADICALS;GF0031_2026_STROKE_ORDER;GF3002_1999_STROKE_ORDER;GB13000_FOLDED_STROKE;GF3003_1999_STROKE_ORDERING,CROSS_REFERENCE_CONTEXT_AVAILABLE,MISSING_STANDARD_STRUCTURE_SOURCE;MISSING_STANDARD_DECOMPOSITION_SOURCE,run_bounded_standard_source_extractor_with_human_review_gate,0,,NO_CNBE_WRITE,NO_DATABASE_REBUILD,STANDARDIZER_HANDOFF_ONLY_NOT_SCORE_OR_ENCODING
8105_core_control_092,飑,U+98D1,39121,8105_core_control,national_standard_core_pending_structure_decomposition_extraction,PASS_UNICODE_IDENTITY,,,STRUCTURE_STANDARD_SOURCE_EXTRACTION_REQUIRED,,DECOMPOSITION_STANDARD_SOURCE_EXTRACTION_REQUIRED,,,,,COMPONENT_NAMES_STANDARD_SOURCE_REQUIRED,SINGLE_COMPONENT_SOURCE_CHECK_REQUIRED,RADICAL_STANDARD_SOURCE_CHECK_REQUIRED,STANDARD_DERIVED_STROKE_JOIN_READY,standard_extraction_planned_not_joined,GF0014_2009_COMPONENT_NAMES;GB13000_COMPONENT_SPEC_1998;GF0013_2009_SINGLE_COMPONENT;GG0011_2009_RADICALS;GF0031_2026_STROKE_ORDER;GF3002_1999_STROKE_ORDER;GB13000_FOLDED_STROKE;GF3003_1999_STROKE_ORDERING,NO_DICTIONARY_CONTEXT,MISSING_STANDARD_STRUCTURE_SOURCE;MISSING_STANDARD_DECOMPOSITION_SOURCE,run_bounded_standard_source_extractor_with_human_review_gate,0,,NO_CNBE_WRITE,NO_DATABASE_REBUILD,STANDARDIZER_HANDOFF_ONLY_NOT_SCORE_OR_ENCODING
8105_core_control_093,驸,U+9A78,39544,8105_core_control,national_standard_core_pending_structure_decomposition_extraction,PASS_UNICODE_IDENTITY,,,STRUCTURE_STANDARD_SOURCE_EXTRACTION_REQUIRED,,DECOMPOSITION_STANDARD_SOURCE_EXTRACTION_REQUIRED,,,,,COMPONENT_NAMES_STANDARD_SOURCE_REQUIRED,SINGLE_COMPONENT_SOURCE_CHECK_REQUIRED,RADICAL_STANDARD_SOURCE_CHECK_REQUIRED,STANDARD_DERIVED_STROKE_JOIN_READY,standard_extraction_planned_not_joined,GF0014_2009_COMPONENT_NAMES;GB13000_COMPONENT_SPEC_1998;GF0013_2009_SINGLE_COMPONENT;GG0011_2009_RADICALS;GF0031_2026_STROKE_ORDER;GF3002_1999_STROKE_ORDER;GB13000_FOLDED_STROKE;GF3003_1999_STROKE_ORDERING,CROSS_REFERENCE_CONTEXT_AVAILABLE,MISSING_STANDARD_STRUCTURE_SOURCE;MISSING_STANDARD_DECOMPOSITION_SOURCE,run_bounded_standard_source_extractor_with_human_review_gate,0,,NO_CNBE_WRITE,NO_DATABASE_REBUILD,STANDARDIZER_HANDOFF_ONLY_NOT_SCORE_OR_ENCODING
8105_core_control_094,鬣,U+9B23,39715,8105_core_control,national_standard_core_pending_structure_decomposition_extraction,PASS_UNICODE_IDENTITY,,,STRUCTURE_STANDARD_SOURCE_EXTRACTION_REQUIRED,,DECOMPOSITION_STANDARD_SOURCE_EXTRACTION_REQUIRED,,,,,COMPONENT_NAMES_STANDARD_SOURCE_REQUIRED,SINGLE_COMPONENT_SOURCE_CHECK_REQUIRED,RADICAL_STANDARD_SOURCE_CHECK_REQUIRED,STANDARD_DERIVED_STROKE_JOIN_READY,standard_extraction_planned_not_joined,GF0014_2009_COMPONENT_NAMES;GB13000_COMPONENT_SPEC_1998;GF0013_2009_SINGLE_COMPONENT;GG0011_2009_RADICALS;GF0031_2026_STROKE_ORDER;GF3002_1999_STROKE_ORDER;GB13000_FOLDED_STROKE;GF3003_1999_STROKE_ORDERING,NO_DICTIONARY_CONTEXT,MISSING_STANDARD_STRUCTURE_SOURCE;MISSING_STANDARD_DECOMPOSITION_SOURCE,run_bounded_standard_source_extractor_with_human_review_gate,0,,NO_CNBE_WRITE,NO_DATABASE_REBUILD,STANDARDIZER_HANDOFF_ONLY_NOT_SCORE_OR_ENCODING
8105_core_control_095,鲼,U+9CBC,40124,8105_core_control,national_standard_core_pending_structure_decomposition_extraction,PASS_UNICODE_IDENTITY,,,STRUCTURE_STANDARD_SOURCE_EXTRACTION_REQUIRED,,DECOMPOSITION_STANDARD_SOURCE_EXTRACTION_REQUIRED,,,,,COMPONENT_NAMES_STANDARD_SOURCE_REQUIRED,SINGLE_COMPONENT_SOURCE_CHECK_REQUIRED,RADICAL_STANDARD_SOURCE_CHECK_REQUIRED,STANDARD_DERIVED_STROKE_JOIN_READY,standard_extraction_planned_not_joined,GF0014_2009_COMPONENT_NAMES;GB13000_COMPONENT_SPEC_1998;GF0013_2009_SINGLE_COMPONENT;GG0011_2009_RADICALS;GF0031_2026_STROKE_ORDER;GF3002_1999_STROKE_ORDER;GB13000_FOLDED_STROKE;GF3003_1999_STROKE_ORDERING,NO_DICTIONARY_CONTEXT,MISSING_STANDARD_STRUCTURE_SOURCE;MISSING_STANDARD_DECOMPOSITION_SOURCE,run_bounded_standard_source_extractor_with_human_review_gate,0,,NO_CNBE_WRITE,NO_DATABASE_REBUILD,STANDARDIZER_HANDOFF_ONLY_NOT_SCORE_OR_ENCODING
8105_core_control_096,鹋,U+9E4B,40523,8105_core_control,national_standard_core_pending_structure_decomposition_extraction,PASS_UNICODE_IDENTITY,,,STRUCTURE_STANDARD_SOURCE_EXTRACTION_REQUIRED,,DECOMPOSITION_STANDARD_SOURCE_EXTRACTION_REQUIRED,,,,,COMPONENT_NAMES_STANDARD_SOURCE_REQUIRED,SINGLE_COMPONENT_SOURCE_CHECK_REQUIRED,RADICAL_STANDARD_SOURCE_CHECK_REQUIRED,STANDARD_DERIVED_STROKE_JOIN_READY,standard_extraction_planned_not_joined,GF0014_2009_COMPONENT_NAMES;GB13000_COMPONENT_SPEC_1998;GF0013_2009_SINGLE_COMPONENT;GG0011_2009_RADICALS;GF0031_2026_STROKE_ORDER;GF3002_1999_STROKE_ORDER;GB13000_FOLDED_STROKE;GF3003_1999_STROKE_ORDERING,NO_DICTIONARY_CONTEXT,MISSING_STANDARD_STRUCTURE_SOURCE;MISSING_STANDARD_DECOMPOSITION_SOURCE,run_bounded_standard_source_extractor_with_human_review_gate,0,,NO_CNBE_WRITE,NO_DATABASE_REBUILD,STANDARDIZER_HANDOFF_ONLY_NOT_SCORE_OR_ENCODING
8105_core_control_097,黻,U+9EFB,40699,8105_core_control,national_standard_core_pending_structure_decomposition_extraction,PASS_UNICODE_IDENTITY,,,STRUCTURE_STANDARD_SOURCE_EXTRACTION_REQUIRED,,DECOMPOSITION_STANDARD_SOURCE_EXTRACTION_REQUIRED,,,,,COMPONENT_NAMES_STANDARD_SOURCE_REQUIRED,SINGLE_COMPONENT_SOURCE_CHECK_REQUIRED,RADICAL_STANDARD_SOURCE_CHECK_REQUIRED,STANDARD_DERIVED_STROKE_JOIN_READY,standard_extraction_planned_not_joined,GF0014_2009_COMPONENT_NAMES;GB13000_COMPONENT_SPEC_1998;GF0013_2009_SINGLE_COMPONENT;GG0011_2009_RADICALS;GF0031_2026_STROKE_ORDER;GF3002_1999_STROKE_ORDER;GB13000_FOLDED_STROKE;GF3003_1999_STROKE_ORDERING,NO_DICTIONARY_CONTEXT,MISSING_STANDARD_STRUCTURE_SOURCE;MISSING_STANDARD_DECOMPOSITION_SOURCE,run_bounded_standard_source_extractor_with_human_review_gate,0,,NO_CNBE_WRITE,NO_DATABASE_REBUILD,STANDARDIZER_HANDOFF_ONLY_NOT_SCORE_OR_ENCODING
8105_core_control_098,𨱔,U+28C54,166996,8105_core_control,national_standard_core_pending_structure_decomposition_extraction,PASS_UNICODE_IDENTITY,,,STRUCTURE_STANDARD_SOURCE_EXTRACTION_REQUIRED,,DECOMPOSITION_STANDARD_SOURCE_EXTRACTION_REQUIRED,,,,,COMPONENT_NAMES_STANDARD_SOURCE_REQUIRED,SINGLE_COMPONENT_SOURCE_CHECK_REQUIRED,RADICAL_STANDARD_SOURCE_CHECK_REQUIRED,STANDARD_DERIVED_STROKE_JOIN_READY,standard_extraction_planned_not_joined,GF0014_2009_COMPONENT_NAMES;GB13000_COMPONENT_SPEC_1998;GF0013_2009_SINGLE_COMPONENT;GG0011_2009_RADICALS;GF0031_2026_STROKE_ORDER;GF3002_1999_STROKE_ORDER;GB13000_FOLDED_STROKE;GF3003_1999_STROKE_ORDERING,NO_DICTIONARY_CONTEXT,MISSING_STANDARD_STRUCTURE_SOURCE;MISSING_STANDARD_DECOMPOSITION_SOURCE,run_bounded_standard_source_extractor_with_human_review_gate,0,,NO_CNBE_WRITE,NO_DATABASE_REBUILD,STANDARDIZER_HANDOFF_ONLY_NOT_SCORE_OR_ENCODING
8105_core_control_099,𬒈,U+2C488,181384,8105_core_control,national_standard_core_pending_structure_decomposition_extraction,PASS_UNICODE_IDENTITY,,,STRUCTURE_STANDARD_SOURCE_EXTRACTION_REQUIRED,,DECOMPOSITION_STANDARD_SOURCE_EXTRACTION_REQUIRED,,,,,COMPONENT_NAMES_STANDARD_SOURCE_REQUIRED,SINGLE_COMPONENT_SOURCE_CHECK_REQUIRED,RADICAL_STANDARD_SOURCE_CHECK_REQUIRED,STANDARD_DERIVED_STROKE_JOIN_READY,standard_extraction_planned_not_joined,GF0014_2009_COMPONENT_NAMES;GB13000_COMPONENT_SPEC_1998;GF0013_2009_SINGLE_COMPONENT;GG0011_2009_RADICALS;GF0031_2026_STROKE_ORDER;GF3002_1999_STROKE_ORDER;GB13000_FOLDED_STROKE;GF3003_1999_STROKE_ORDERING,NO_DICTIONARY_CONTEXT,MISSING_STANDARD_STRUCTURE_SOURCE;MISSING_STANDARD_DECOMPOSITION_SOURCE,run_bounded_standard_source_extractor_with_human_review_gate,0,,NO_CNBE_WRITE,NO_DATABASE_REBUILD,STANDARDIZER_HANDOFF_ONLY_NOT_SCORE_OR_ENCODING
8105_core_control_100,𬺓,U+2CE93,183955,8105_core_control,national_standard_core_pending_structure_decomposition_extraction,PASS_UNICODE_IDENTITY,,,STRUCTURE_STANDARD_SOURCE_EXTRACTION_REQUIRED,,DECOMPOSITION_STANDARD_SOURCE_EXTRACTION_REQUIRED,,,,,COMPONENT_NAMES_STANDARD_SOURCE_REQUIRED,SINGLE_COMPONENT_SOURCE_CHECK_REQUIRED,RADICAL_STANDARD_SOURCE_CHECK_REQUIRED,STANDARD_DERIVED_STROKE_JOIN_READY,standard_extraction_planned_not_joined,GF0014_2009_COMPONENT_NAMES;GB13000_COMPONENT_SPEC_1998;GF0013_2009_SINGLE_COMPONENT;GG0011_2009_RADICALS;GF0031_2026_STROKE_ORDER;GF3002_1999_STROKE_ORDER;GB13000_FOLDED_STROKE;GF3003_1999_STROKE_ORDERING,NO_DICTIONARY_CONTEXT,MISSING_STANDARD_STRUCTURE_SOURCE;MISSING_STANDARD_DECOMPOSITION_SOURCE,run_bounded_standard_source_extractor_with_human_review_gate,0,,NO_CNBE_WRITE,NO_DATABASE_REBUILD,STANDARDIZER_HANDOFF_ONLY_NOT_SCORE_OR_ENCODING
