row_id,char,unicode,scope_status,assigned_score,assigned_max,formal_total_max,row_score_status,character_set_coverage_score,character_set_coverage_status,stroke_shape_score,stroke_shape_status,stroke_order_score,stroke_order_status,component_validity_score,component_validity_status,component_name_validity_score,component_name_validity_status,radical_validity_score,radical_validity_status,independent_character_rule_score,independent_character_rule_status,structure_first_decomposition_score,structure_first_decomposition_status,cnbe_write_status,database_rebuild_status,next_required_action
8105_core_control_001,㑇,U+3447,8105_core_control,6,6,50,PARTIALLY_SCORED_REMAINING_ITEMS_NOT_SCORABLE,3,PASS_8105_CORE_COVERAGE,,NOT_SCORABLE_STROKE_SHAPE_SOURCE_REQUIRED,3,PASS_STANDARD_DERIVED_STROKE_ORDER,,NOT_SCORABLE_COMPONENT_SOURCE_REQUIRED,,NOT_SCORABLE_COMPONENT_NAME_SOURCE_REQUIRED,,NOT_SCORABLE_RADICAL_SOURCE_REQUIRED,,NOT_SCORABLE_SINGLE_COMPONENT_SOURCE_REQUIRED,,NOT_SCORABLE_STRUCTURE_DECOMPOSITION_SOURCE_REQUIRED,NO_CNBE_WRITE,NO_DATABASE_REBUILD,run_bounded_standardizer_extraction_before_more_scoring
8105_core_control_002,三,U+4E09,8105_core_control,6,6,50,PARTIALLY_SCORED_REMAINING_ITEMS_NOT_SCORABLE,3,PASS_8105_CORE_COVERAGE,,NOT_SCORABLE_STROKE_SHAPE_SOURCE_REQUIRED,3,PASS_STANDARD_DERIVED_STROKE_ORDER,,NOT_SCORABLE_COMPONENT_SOURCE_REQUIRED,,NOT_SCORABLE_COMPONENT_NAME_SOURCE_REQUIRED,,NOT_SCORABLE_RADICAL_SOURCE_REQUIRED,,NOT_SCORABLE_SINGLE_COMPONENT_SOURCE_REQUIRED,,NOT_SCORABLE_STRUCTURE_DECOMPOSITION_SOURCE_REQUIRED,NO_CNBE_WRITE,NO_DATABASE_REBUILD,run_bounded_standardizer_extraction_before_more_scoring
8105_core_control_003,亡,U+4EA1,8105_core_control,6,6,50,PARTIALLY_SCORED_REMAINING_ITEMS_NOT_SCORABLE,3,PASS_8105_CORE_COVERAGE,,NOT_SCORABLE_STROKE_SHAPE_SOURCE_REQUIRED,3,PASS_STANDARD_DERIVED_STROKE_ORDER,,NOT_SCORABLE_COMPONENT_SOURCE_REQUIRED,,NOT_SCORABLE_COMPONENT_NAME_SOURCE_REQUIRED,,NOT_SCORABLE_RADICAL_SOURCE_REQUIRED,,NOT_SCORABLE_SINGLE_COMPONENT_SOURCE_REQUIRED,,NOT_SCORABLE_STRUCTURE_DECOMPOSITION_SOURCE_REQUIRED,NO_CNBE_WRITE,NO_DATABASE_REBUILD,run_bounded_standardizer_extraction_before_more_scoring
8105_core_control_004,伥,U+4F25,8105_core_control,6,6,50,PARTIALLY_SCORED_REMAINING_ITEMS_NOT_SCORABLE,3,PASS_8105_CORE_COVERAGE,,NOT_SCORABLE_STROKE_SHAPE_SOURCE_REQUIRED,3,PASS_STANDARD_DERIVED_STROKE_ORDER,,NOT_SCORABLE_COMPONENT_SOURCE_REQUIRED,,NOT_SCORABLE_COMPONENT_NAME_SOURCE_REQUIRED,,NOT_SCORABLE_RADICAL_SOURCE_REQUIRED,,NOT_SCORABLE_SINGLE_COMPONENT_SOURCE_REQUIRED,,NOT_SCORABLE_STRUCTURE_DECOMPOSITION_SOURCE_REQUIRED,NO_CNBE_WRITE,NO_DATABASE_REBUILD,run_bounded_standardizer_extraction_before_more_scoring
8105_core_control_005,侵,U+4FB5,8105_core_control,6,6,50,PARTIALLY_SCORED_REMAINING_ITEMS_NOT_SCORABLE,3,PASS_8105_CORE_COVERAGE,,NOT_SCORABLE_STROKE_SHAPE_SOURCE_REQUIRED,3,PASS_STANDARD_DERIVED_STROKE_ORDER,,NOT_SCORABLE_COMPONENT_SOURCE_REQUIRED,,NOT_SCORABLE_COMPONENT_NAME_SOURCE_REQUIRED,,NOT_SCORABLE_RADICAL_SOURCE_REQUIRED,,NOT_SCORABLE_SINGLE_COMPONENT_SOURCE_REQUIRED,,NOT_SCORABLE_STRUCTURE_DECOMPOSITION_SOURCE_REQUIRED,NO_CNBE_WRITE,NO_DATABASE_REBUILD,run_bounded_standardizer_extraction_before_more_scoring
8105_core_control_006,偶,U+5076,8105_core_control,6,6,50,PARTIALLY_SCORED_REMAINING_ITEMS_NOT_SCORABLE,3,PASS_8105_CORE_COVERAGE,,NOT_SCORABLE_STROKE_SHAPE_SOURCE_REQUIRED,3,PASS_STANDARD_DERIVED_STROKE_ORDER,,NOT_SCORABLE_COMPONENT_SOURCE_REQUIRED,,NOT_SCORABLE_COMPONENT_NAME_SOURCE_REQUIRED,,NOT_SCORABLE_RADICAL_SOURCE_REQUIRED,,NOT_SCORABLE_SINGLE_COMPONENT_SOURCE_REQUIRED,,NOT_SCORABLE_STRUCTURE_DECOMPOSITION_SOURCE_REQUIRED,NO_CNBE_WRITE,NO_DATABASE_REBUILD,run_bounded_standardizer_extraction_before_more_scoring
8105_core_control_007,冁,U+5181,8105_core_control,6,6,50,PARTIALLY_SCORED_REMAINING_ITEMS_NOT_SCORABLE,3,PASS_8105_CORE_COVERAGE,,NOT_SCORABLE_STROKE_SHAPE_SOURCE_REQUIRED,3,PASS_STANDARD_DERIVED_STROKE_ORDER,,NOT_SCORABLE_COMPONENT_SOURCE_REQUIRED,,NOT_SCORABLE_COMPONENT_NAME_SOURCE_REQUIRED,,NOT_SCORABLE_RADICAL_SOURCE_REQUIRED,,NOT_SCORABLE_SINGLE_COMPONENT_SOURCE_REQUIRED,,NOT_SCORABLE_STRUCTURE_DECOMPOSITION_SOURCE_REQUIRED,NO_CNBE_WRITE,NO_DATABASE_REBUILD,run_bounded_standardizer_extraction_before_more_scoring
8105_core_control_008,别,U+522B,8105_core_control,6,6,50,PARTIALLY_SCORED_REMAINING_ITEMS_NOT_SCORABLE,3,PASS_8105_CORE_COVERAGE,,NOT_SCORABLE_STROKE_SHAPE_SOURCE_REQUIRED,3,PASS_STANDARD_DERIVED_STROKE_ORDER,,NOT_SCORABLE_COMPONENT_SOURCE_REQUIRED,,NOT_SCORABLE_COMPONENT_NAME_SOURCE_REQUIRED,,NOT_SCORABLE_RADICAL_SOURCE_REQUIRED,,NOT_SCORABLE_SINGLE_COMPONENT_SOURCE_REQUIRED,,NOT_SCORABLE_STRUCTURE_DECOMPOSITION_SOURCE_REQUIRED,NO_CNBE_WRITE,NO_DATABASE_REBUILD,run_bounded_standardizer_extraction_before_more_scoring
8105_core_control_009,勾,U+52FE,8105_core_control,6,6,50,PARTIALLY_SCORED_REMAINING_ITEMS_NOT_SCORABLE,3,PASS_8105_CORE_COVERAGE,,NOT_SCORABLE_STROKE_SHAPE_SOURCE_REQUIRED,3,PASS_STANDARD_DERIVED_STROKE_ORDER,,NOT_SCORABLE_COMPONENT_SOURCE_REQUIRED,,NOT_SCORABLE_COMPONENT_NAME_SOURCE_REQUIRED,,NOT_SCORABLE_RADICAL_SOURCE_REQUIRED,,NOT_SCORABLE_SINGLE_COMPONENT_SOURCE_REQUIRED,,NOT_SCORABLE_STRUCTURE_DECOMPOSITION_SOURCE_REQUIRED,NO_CNBE_WRITE,NO_DATABASE_REBUILD,run_bounded_standardizer_extraction_before_more_scoring
8105_core_control_010,厥,U+53A5,8105_core_control,6,6,50,PARTIALLY_SCORED_REMAINING_ITEMS_NOT_SCORABLE,3,PASS_8105_CORE_COVERAGE,,NOT_SCORABLE_STROKE_SHAPE_SOURCE_REQUIRED,3,PASS_STANDARD_DERIVED_STROKE_ORDER,,NOT_SCORABLE_COMPONENT_SOURCE_REQUIRED,,NOT_SCORABLE_COMPONENT_NAME_SOURCE_REQUIRED,,NOT_SCORABLE_RADICAL_SOURCE_REQUIRED,,NOT_SCORABLE_SINGLE_COMPONENT_SOURCE_REQUIRED,,NOT_SCORABLE_STRUCTURE_DECOMPOSITION_SOURCE_REQUIRED,NO_CNBE_WRITE,NO_DATABASE_REBUILD,run_bounded_standardizer_extraction_before_more_scoring
8105_core_control_011,含,U+542B,8105_core_control,6,6,50,PARTIALLY_SCORED_REMAINING_ITEMS_NOT_SCORABLE,3,PASS_8105_CORE_COVERAGE,,NOT_SCORABLE_STROKE_SHAPE_SOURCE_REQUIRED,3,PASS_STANDARD_DERIVED_STROKE_ORDER,,NOT_SCORABLE_COMPONENT_SOURCE_REQUIRED,,NOT_SCORABLE_COMPONENT_NAME_SOURCE_REQUIRED,,NOT_SCORABLE_RADICAL_SOURCE_REQUIRED,,NOT_SCORABLE_SINGLE_COMPONENT_SOURCE_REQUIRED,,NOT_SCORABLE_STRUCTURE_DECOMPOSITION_SOURCE_REQUIRED,NO_CNBE_WRITE,NO_DATABASE_REBUILD,run_bounded_standardizer_extraction_before_more_scoring
8105_core_control_012,咳,U+54B3,8105_core_control,6,6,50,PARTIALLY_SCORED_REMAINING_ITEMS_NOT_SCORABLE,3,PASS_8105_CORE_COVERAGE,,NOT_SCORABLE_STROKE_SHAPE_SOURCE_REQUIRED,3,PASS_STANDARD_DERIVED_STROKE_ORDER,,NOT_SCORABLE_COMPONENT_SOURCE_REQUIRED,,NOT_SCORABLE_COMPONENT_NAME_SOURCE_REQUIRED,,NOT_SCORABLE_RADICAL_SOURCE_REQUIRED,,NOT_SCORABLE_SINGLE_COMPONENT_SOURCE_REQUIRED,,NOT_SCORABLE_STRUCTURE_DECOMPOSITION_SOURCE_REQUIRED,NO_CNBE_WRITE,NO_DATABASE_REBUILD,run_bounded_standardizer_extraction_before_more_scoring
8105_core_control_013,啕,U+5555,8105_core_control,6,6,50,PARTIALLY_SCORED_REMAINING_ITEMS_NOT_SCORABLE,3,PASS_8105_CORE_COVERAGE,,NOT_SCORABLE_STROKE_SHAPE_SOURCE_REQUIRED,3,PASS_STANDARD_DERIVED_STROKE_ORDER,,NOT_SCORABLE_COMPONENT_SOURCE_REQUIRED,,NOT_SCORABLE_COMPONENT_NAME_SOURCE_REQUIRED,,NOT_SCORABLE_RADICAL_SOURCE_REQUIRED,,NOT_SCORABLE_SINGLE_COMPONENT_SOURCE_REQUIRED,,NOT_SCORABLE_STRUCTURE_DECOMPOSITION_SOURCE_REQUIRED,NO_CNBE_WRITE,NO_DATABASE_REBUILD,run_bounded_standardizer_extraction_before_more_scoring
8105_core_control_014,嘀,U+5600,8105_core_control,6,6,50,PARTIALLY_SCORED_REMAINING_ITEMS_NOT_SCORABLE,3,PASS_8105_CORE_COVERAGE,,NOT_SCORABLE_STROKE_SHAPE_SOURCE_REQUIRED,3,PASS_STANDARD_DERIVED_STROKE_ORDER,,NOT_SCORABLE_COMPONENT_SOURCE_REQUIRED,,NOT_SCORABLE_COMPONENT_NAME_SOURCE_REQUIRED,,NOT_SCORABLE_RADICAL_SOURCE_REQUIRED,,NOT_SCORABLE_SINGLE_COMPONENT_SOURCE_REQUIRED,,NOT_SCORABLE_STRUCTURE_DECOMPOSITION_SOURCE_REQUIRED,NO_CNBE_WRITE,NO_DATABASE_REBUILD,run_bounded_standardizer_extraction_before_more_scoring
8105_core_control_015,圄,U+5704,8105_core_control,6,6,50,PARTIALLY_SCORED_REMAINING_ITEMS_NOT_SCORABLE,3,PASS_8105_CORE_COVERAGE,,NOT_SCORABLE_STROKE_SHAPE_SOURCE_REQUIRED,3,PASS_STANDARD_DERIVED_STROKE_ORDER,,NOT_SCORABLE_COMPONENT_SOURCE_REQUIRED,,NOT_SCORABLE_COMPONENT_NAME_SOURCE_REQUIRED,,NOT_SCORABLE_RADICAL_SOURCE_REQUIRED,,NOT_SCORABLE_SINGLE_COMPONENT_SOURCE_REQUIRED,,NOT_SCORABLE_STRUCTURE_DECOMPOSITION_SOURCE_REQUIRED,NO_CNBE_WRITE,NO_DATABASE_REBUILD,run_bounded_standardizer_extraction_before_more_scoring
8105_core_control_016,垟,U+579F,8105_core_control,6,6,50,PARTIALLY_SCORED_REMAINING_ITEMS_NOT_SCORABLE,3,PASS_8105_CORE_COVERAGE,,NOT_SCORABLE_STROKE_SHAPE_SOURCE_REQUIRED,3,PASS_STANDARD_DERIVED_STROKE_ORDER,,NOT_SCORABLE_COMPONENT_SOURCE_REQUIRED,,NOT_SCORABLE_COMPONENT_NAME_SOURCE_REQUIRED,,NOT_SCORABLE_RADICAL_SOURCE_REQUIRED,,NOT_SCORABLE_SINGLE_COMPONENT_SOURCE_REQUIRED,,NOT_SCORABLE_STRUCTURE_DECOMPOSITION_SOURCE_REQUIRED,NO_CNBE_WRITE,NO_DATABASE_REBUILD,run_bounded_standardizer_extraction_before_more_scoring
8105_core_control_017,塑,U+5851,8105_core_control,6,6,50,PARTIALLY_SCORED_REMAINING_ITEMS_NOT_SCORABLE,3,PASS_8105_CORE_COVERAGE,,NOT_SCORABLE_STROKE_SHAPE_SOURCE_REQUIRED,3,PASS_STANDARD_DERIVED_STROKE_ORDER,,NOT_SCORABLE_COMPONENT_SOURCE_REQUIRED,,NOT_SCORABLE_COMPONENT_NAME_SOURCE_REQUIRED,,NOT_SCORABLE_RADICAL_SOURCE_REQUIRED,,NOT_SCORABLE_SINGLE_COMPONENT_SOURCE_REQUIRED,,NOT_SCORABLE_STRUCTURE_DECOMPOSITION_SOURCE_REQUIRED,NO_CNBE_WRITE,NO_DATABASE_REBUILD,run_bounded_standardizer_extraction_before_more_scoring
8105_core_control_018,契,U+5951,8105_core_control,6,6,50,PARTIALLY_SCORED_REMAINING_ITEMS_NOT_SCORABLE,3,PASS_8105_CORE_COVERAGE,,NOT_SCORABLE_STROKE_SHAPE_SOURCE_REQUIRED,3,PASS_STANDARD_DERIVED_STROKE_ORDER,,NOT_SCORABLE_COMPONENT_SOURCE_REQUIRED,,NOT_SCORABLE_COMPONENT_NAME_SOURCE_REQUIRED,,NOT_SCORABLE_RADICAL_SOURCE_REQUIRED,,NOT_SCORABLE_SINGLE_COMPONENT_SOURCE_REQUIRED,,NOT_SCORABLE_STRUCTURE_DECOMPOSITION_SOURCE_REQUIRED,NO_CNBE_WRITE,NO_DATABASE_REBUILD,run_bounded_standardizer_extraction_before_more_scoring
8105_core_control_019,娅,U+5A05,8105_core_control,6,6,50,PARTIALLY_SCORED_REMAINING_ITEMS_NOT_SCORABLE,3,PASS_8105_CORE_COVERAGE,,NOT_SCORABLE_STROKE_SHAPE_SOURCE_REQUIRED,3,PASS_STANDARD_DERIVED_STROKE_ORDER,,NOT_SCORABLE_COMPONENT_SOURCE_REQUIRED,,NOT_SCORABLE_COMPONENT_NAME_SOURCE_REQUIRED,,NOT_SCORABLE_RADICAL_SOURCE_REQUIRED,,NOT_SCORABLE_SINGLE_COMPONENT_SOURCE_REQUIRED,,NOT_SCORABLE_STRUCTURE_DECOMPOSITION_SOURCE_REQUIRED,NO_CNBE_WRITE,NO_DATABASE_REBUILD,run_bounded_standardizer_extraction_before_more_scoring
8105_core_control_020,嫭,U+5AED,8105_core_control,6,6,50,PARTIALLY_SCORED_REMAINING_ITEMS_NOT_SCORABLE,3,PASS_8105_CORE_COVERAGE,,NOT_SCORABLE_STROKE_SHAPE_SOURCE_REQUIRED,3,PASS_STANDARD_DERIVED_STROKE_ORDER,,NOT_SCORABLE_COMPONENT_SOURCE_REQUIRED,,NOT_SCORABLE_COMPONENT_NAME_SOURCE_REQUIRED,,NOT_SCORABLE_RADICAL_SOURCE_REQUIRED,,NOT_SCORABLE_SINGLE_COMPONENT_SOURCE_REQUIRED,,NOT_SCORABLE_STRUCTURE_DECOMPOSITION_SOURCE_REQUIRED,NO_CNBE_WRITE,NO_DATABASE_REBUILD,run_bounded_standardizer_extraction_before_more_scoring
8105_core_control_021,宿,U+5BBF,8105_core_control,6,6,50,PARTIALLY_SCORED_REMAINING_ITEMS_NOT_SCORABLE,3,PASS_8105_CORE_COVERAGE,,NOT_SCORABLE_STROKE_SHAPE_SOURCE_REQUIRED,3,PASS_STANDARD_DERIVED_STROKE_ORDER,,NOT_SCORABLE_COMPONENT_SOURCE_REQUIRED,,NOT_SCORABLE_COMPONENT_NAME_SOURCE_REQUIRED,,NOT_SCORABLE_RADICAL_SOURCE_REQUIRED,,NOT_SCORABLE_SINGLE_COMPONENT_SOURCE_REQUIRED,,NOT_SCORABLE_STRUCTURE_DECOMPOSITION_SOURCE_REQUIRED,NO_CNBE_WRITE,NO_DATABASE_REBUILD,run_bounded_standardizer_extraction_before_more_scoring
8105_core_control_022,屼,U+5C7C,8105_core_control,6,6,50,PARTIALLY_SCORED_REMAINING_ITEMS_NOT_SCORABLE,3,PASS_8105_CORE_COVERAGE,,NOT_SCORABLE_STROKE_SHAPE_SOURCE_REQUIRED,3,PASS_STANDARD_DERIVED_STROKE_ORDER,,NOT_SCORABLE_COMPONENT_SOURCE_REQUIRED,,NOT_SCORABLE_COMPONENT_NAME_SOURCE_REQUIRED,,NOT_SCORABLE_RADICAL_SOURCE_REQUIRED,,NOT_SCORABLE_SINGLE_COMPONENT_SOURCE_REQUIRED,,NOT_SCORABLE_STRUCTURE_DECOMPOSITION_SOURCE_REQUIRED,NO_CNBE_WRITE,NO_DATABASE_REBUILD,run_bounded_standardizer_extraction_before_more_scoring
8105_core_control_023,崶,U+5D36,8105_core_control,6,6,50,PARTIALLY_SCORED_REMAINING_ITEMS_NOT_SCORABLE,3,PASS_8105_CORE_COVERAGE,,NOT_SCORABLE_STROKE_SHAPE_SOURCE_REQUIRED,3,PASS_STANDARD_DERIVED_STROKE_ORDER,,NOT_SCORABLE_COMPONENT_SOURCE_REQUIRED,,NOT_SCORABLE_COMPONENT_NAME_SOURCE_REQUIRED,,NOT_SCORABLE_RADICAL_SOURCE_REQUIRED,,NOT_SCORABLE_SINGLE_COMPONENT_SOURCE_REQUIRED,,NOT_SCORABLE_STRUCTURE_DECOMPOSITION_SOURCE_REQUIRED,NO_CNBE_WRITE,NO_DATABASE_REBUILD,run_bounded_standardizer_extraction_before_more_scoring
8105_core_control_024,帷,U+5E37,8105_core_control,6,6,50,PARTIALLY_SCORED_REMAINING_ITEMS_NOT_SCORABLE,3,PASS_8105_CORE_COVERAGE,,NOT_SCORABLE_STROKE_SHAPE_SOURCE_REQUIRED,3,PASS_STANDARD_DERIVED_STROKE_ORDER,,NOT_SCORABLE_COMPONENT_SOURCE_REQUIRED,,NOT_SCORABLE_COMPONENT_NAME_SOURCE_REQUIRED,,NOT_SCORABLE_RADICAL_SOURCE_REQUIRED,,NOT_SCORABLE_SINGLE_COMPONENT_SOURCE_REQUIRED,,NOT_SCORABLE_STRUCTURE_DECOMPOSITION_SOURCE_REQUIRED,NO_CNBE_WRITE,NO_DATABASE_REBUILD,run_bounded_standardizer_extraction_before_more_scoring
8105_core_control_025,弇,U+5F07,8105_core_control,6,6,50,PARTIALLY_SCORED_REMAINING_ITEMS_NOT_SCORABLE,3,PASS_8105_CORE_COVERAGE,,NOT_SCORABLE_STROKE_SHAPE_SOURCE_REQUIRED,3,PASS_STANDARD_DERIVED_STROKE_ORDER,,NOT_SCORABLE_COMPONENT_SOURCE_REQUIRED,,NOT_SCORABLE_COMPONENT_NAME_SOURCE_REQUIRED,,NOT_SCORABLE_RADICAL_SOURCE_REQUIRED,,NOT_SCORABLE_SINGLE_COMPONENT_SOURCE_REQUIRED,,NOT_SCORABLE_STRUCTURE_DECOMPOSITION_SOURCE_REQUIRED,NO_CNBE_WRITE,NO_DATABASE_REBUILD,run_bounded_standardizer_extraction_before_more_scoring
8105_core_control_026,忉,U+5FC9,8105_core_control,6,6,50,PARTIALLY_SCORED_REMAINING_ITEMS_NOT_SCORABLE,3,PASS_8105_CORE_COVERAGE,,NOT_SCORABLE_STROKE_SHAPE_SOURCE_REQUIRED,3,PASS_STANDARD_DERIVED_STROKE_ORDER,,NOT_SCORABLE_COMPONENT_SOURCE_REQUIRED,,NOT_SCORABLE_COMPONENT_NAME_SOURCE_REQUIRED,,NOT_SCORABLE_RADICAL_SOURCE_REQUIRED,,NOT_SCORABLE_SINGLE_COMPONENT_SOURCE_REQUIRED,,NOT_SCORABLE_STRUCTURE_DECOMPOSITION_SOURCE_REQUIRED,NO_CNBE_WRITE,NO_DATABASE_REBUILD,run_bounded_standardizer_extraction_before_more_scoring
8105_core_control_027,恪,U+606A,8105_core_control,6,6,50,PARTIALLY_SCORED_REMAINING_ITEMS_NOT_SCORABLE,3,PASS_8105_CORE_COVERAGE,,NOT_SCORABLE_STROKE_SHAPE_SOURCE_REQUIRED,3,PASS_STANDARD_DERIVED_STROKE_ORDER,,NOT_SCORABLE_COMPONENT_SOURCE_REQUIRED,,NOT_SCORABLE_COMPONENT_NAME_SOURCE_REQUIRED,,NOT_SCORABLE_RADICAL_SOURCE_REQUIRED,,NOT_SCORABLE_SINGLE_COMPONENT_SOURCE_REQUIRED,,NOT_SCORABLE_STRUCTURE_DECOMPOSITION_SOURCE_REQUIRED,NO_CNBE_WRITE,NO_DATABASE_REBUILD,run_bounded_standardizer_extraction_before_more_scoring
8105_core_control_028,愉,U+6109,8105_core_control,6,6,50,PARTIALLY_SCORED_REMAINING_ITEMS_NOT_SCORABLE,3,PASS_8105_CORE_COVERAGE,,NOT_SCORABLE_STROKE_SHAPE_SOURCE_REQUIRED,3,PASS_STANDARD_DERIVED_STROKE_ORDER,,NOT_SCORABLE_COMPONENT_SOURCE_REQUIRED,,NOT_SCORABLE_COMPONENT_NAME_SOURCE_REQUIRED,,NOT_SCORABLE_RADICAL_SOURCE_REQUIRED,,NOT_SCORABLE_SINGLE_COMPONENT_SOURCE_REQUIRED,,NOT_SCORABLE_STRUCTURE_DECOMPOSITION_SOURCE_REQUIRED,NO_CNBE_WRITE,NO_DATABASE_REBUILD,run_bounded_standardizer_extraction_before_more_scoring
8105_core_control_029,戭,U+622D,8105_core_control,6,6,50,PARTIALLY_SCORED_REMAINING_ITEMS_NOT_SCORABLE,3,PASS_8105_CORE_COVERAGE,,NOT_SCORABLE_STROKE_SHAPE_SOURCE_REQUIRED,3,PASS_STANDARD_DERIVED_STROKE_ORDER,,NOT_SCORABLE_COMPONENT_SOURCE_REQUIRED,,NOT_SCORABLE_COMPONENT_NAME_SOURCE_REQUIRED,,NOT_SCORABLE_RADICAL_SOURCE_REQUIRED,,NOT_SCORABLE_SINGLE_COMPONENT_SOURCE_REQUIRED,,NOT_SCORABLE_STRUCTURE_DECOMPOSITION_SOURCE_REQUIRED,NO_CNBE_WRITE,NO_DATABASE_REBUILD,run_bounded_standardizer_extraction_before_more_scoring
8105_core_control_030,拆,U+62C6,8105_core_control,6,6,50,PARTIALLY_SCORED_REMAINING_ITEMS_NOT_SCORABLE,3,PASS_8105_CORE_COVERAGE,,NOT_SCORABLE_STROKE_SHAPE_SOURCE_REQUIRED,3,PASS_STANDARD_DERIVED_STROKE_ORDER,,NOT_SCORABLE_COMPONENT_SOURCE_REQUIRED,,NOT_SCORABLE_COMPONENT_NAME_SOURCE_REQUIRED,,NOT_SCORABLE_RADICAL_SOURCE_REQUIRED,,NOT_SCORABLE_SINGLE_COMPONENT_SOURCE_REQUIRED,,NOT_SCORABLE_STRUCTURE_DECOMPOSITION_SOURCE_REQUIRED,NO_CNBE_WRITE,NO_DATABASE_REBUILD,run_bounded_standardizer_extraction_before_more_scoring
8105_core_control_031,捡,U+6361,8105_core_control,6,6,50,PARTIALLY_SCORED_REMAINING_ITEMS_NOT_SCORABLE,3,PASS_8105_CORE_COVERAGE,,NOT_SCORABLE_STROKE_SHAPE_SOURCE_REQUIRED,3,PASS_STANDARD_DERIVED_STROKE_ORDER,,NOT_SCORABLE_COMPONENT_SOURCE_REQUIRED,,NOT_SCORABLE_COMPONENT_NAME_SOURCE_REQUIRED,,NOT_SCORABLE_RADICAL_SOURCE_REQUIRED,,NOT_SCORABLE_SINGLE_COMPONENT_SOURCE_REQUIRED,,NOT_SCORABLE_STRUCTURE_DECOMPOSITION_SOURCE_REQUIRED,NO_CNBE_WRITE,NO_DATABASE_REBUILD,run_bounded_standardizer_extraction_before_more_scoring
8105_core_control_032,搡,U+6421,8105_core_control,6,6,50,PARTIALLY_SCORED_REMAINING_ITEMS_NOT_SCORABLE,3,PASS_8105_CORE_COVERAGE,,NOT_SCORABLE_STROKE_SHAPE_SOURCE_REQUIRED,3,PASS_STANDARD_DERIVED_STROKE_ORDER,,NOT_SCORABLE_COMPONENT_SOURCE_REQUIRED,,NOT_SCORABLE_COMPONENT_NAME_SOURCE_REQUIRED,,NOT_SCORABLE_RADICAL_SOURCE_REQUIRED,,NOT_SCORABLE_SINGLE_COMPONENT_SOURCE_REQUIRED,,NOT_SCORABLE_STRUCTURE_DECOMPOSITION_SOURCE_REQUIRED,NO_CNBE_WRITE,NO_DATABASE_REBUILD,run_bounded_standardizer_extraction_before_more_scoring
8105_core_control_033,敏,U+654F,8105_core_control,6,6,50,PARTIALLY_SCORED_REMAINING_ITEMS_NOT_SCORABLE,3,PASS_8105_CORE_COVERAGE,,NOT_SCORABLE_STROKE_SHAPE_SOURCE_REQUIRED,3,PASS_STANDARD_DERIVED_STROKE_ORDER,,NOT_SCORABLE_COMPONENT_SOURCE_REQUIRED,,NOT_SCORABLE_COMPONENT_NAME_SOURCE_REQUIRED,,NOT_SCORABLE_RADICAL_SOURCE_REQUIRED,,NOT_SCORABLE_SINGLE_COMPONENT_SOURCE_REQUIRED,,NOT_SCORABLE_STRUCTURE_DECOMPOSITION_SOURCE_REQUIRED,NO_CNBE_WRITE,NO_DATABASE_REBUILD,run_bounded_standardizer_extraction_before_more_scoring
8105_core_control_034,昃,U+6603,8105_core_control,6,6,50,PARTIALLY_SCORED_REMAINING_ITEMS_NOT_SCORABLE,3,PASS_8105_CORE_COVERAGE,,NOT_SCORABLE_STROKE_SHAPE_SOURCE_REQUIRED,3,PASS_STANDARD_DERIVED_STROKE_ORDER,,NOT_SCORABLE_COMPONENT_SOURCE_REQUIRED,,NOT_SCORABLE_COMPONENT_NAME_SOURCE_REQUIRED,,NOT_SCORABLE_RADICAL_SOURCE_REQUIRED,,NOT_SCORABLE_SINGLE_COMPONENT_SOURCE_REQUIRED,,NOT_SCORABLE_STRUCTURE_DECOMPOSITION_SOURCE_REQUIRED,NO_CNBE_WRITE,NO_DATABASE_REBUILD,run_bounded_standardizer_extraction_before_more_scoring
8105_core_control_035,暨,U+66A8,8105_core_control,6,6,50,PARTIALLY_SCORED_REMAINING_ITEMS_NOT_SCORABLE,3,PASS_8105_CORE_COVERAGE,,NOT_SCORABLE_STROKE_SHAPE_SOURCE_REQUIRED,3,PASS_STANDARD_DERIVED_STROKE_ORDER,,NOT_SCORABLE_COMPONENT_SOURCE_REQUIRED,,NOT_SCORABLE_COMPONENT_NAME_SOURCE_REQUIRED,,NOT_SCORABLE_RADICAL_SOURCE_REQUIRED,,NOT_SCORABLE_SINGLE_COMPONENT_SOURCE_REQUIRED,,NOT_SCORABLE_STRUCTURE_DECOMPOSITION_SOURCE_REQUIRED,NO_CNBE_WRITE,NO_DATABASE_REBUILD,run_bounded_standardizer_extraction_before_more_scoring
8105_core_control_036,杰,U+6770,8105_core_control,6,6,50,PARTIALLY_SCORED_REMAINING_ITEMS_NOT_SCORABLE,3,PASS_8105_CORE_COVERAGE,,NOT_SCORABLE_STROKE_SHAPE_SOURCE_REQUIRED,3,PASS_STANDARD_DERIVED_STROKE_ORDER,,NOT_SCORABLE_COMPONENT_SOURCE_REQUIRED,,NOT_SCORABLE_COMPONENT_NAME_SOURCE_REQUIRED,,NOT_SCORABLE_RADICAL_SOURCE_REQUIRED,,NOT_SCORABLE_SINGLE_COMPONENT_SOURCE_REQUIRED,,NOT_SCORABLE_STRUCTURE_DECOMPOSITION_SOURCE_REQUIRED,NO_CNBE_WRITE,NO_DATABASE_REBUILD,run_bounded_standardizer_extraction_before_more_scoring
8105_core_control_037,栐,U+6810,8105_core_control,6,6,50,PARTIALLY_SCORED_REMAINING_ITEMS_NOT_SCORABLE,3,PASS_8105_CORE_COVERAGE,,NOT_SCORABLE_STROKE_SHAPE_SOURCE_REQUIRED,3,PASS_STANDARD_DERIVED_STROKE_ORDER,,NOT_SCORABLE_COMPONENT_SOURCE_REQUIRED,,NOT_SCORABLE_COMPONENT_NAME_SOURCE_REQUIRED,,NOT_SCORABLE_RADICAL_SOURCE_REQUIRED,,NOT_SCORABLE_SINGLE_COMPONENT_SOURCE_REQUIRED,,NOT_SCORABLE_STRUCTURE_DECOMPOSITION_SOURCE_REQUIRED,NO_CNBE_WRITE,NO_DATABASE_REBUILD,run_bounded_standardizer_extraction_before_more_scoring
8105_core_control_038,棉,U+68C9,8105_core_control,6,6,50,PARTIALLY_SCORED_REMAINING_ITEMS_NOT_SCORABLE,3,PASS_8105_CORE_COVERAGE,,NOT_SCORABLE_STROKE_SHAPE_SOURCE_REQUIRED,3,PASS_STANDARD_DERIVED_STROKE_ORDER,,NOT_SCORABLE_COMPONENT_SOURCE_REQUIRED,,NOT_SCORABLE_COMPONENT_NAME_SOURCE_REQUIRED,,NOT_SCORABLE_RADICAL_SOURCE_REQUIRED,,NOT_SCORABLE_SINGLE_COMPONENT_SOURCE_REQUIRED,,NOT_SCORABLE_STRUCTURE_DECOMPOSITION_SOURCE_REQUIRED,NO_CNBE_WRITE,NO_DATABASE_REBUILD,run_bounded_standardizer_extraction_before_more_scoring
8105_core_control_039,榧,U+69A7,8105_core_control,6,6,50,PARTIALLY_SCORED_REMAINING_ITEMS_NOT_SCORABLE,3,PASS_8105_CORE_COVERAGE,,NOT_SCORABLE_STROKE_SHAPE_SOURCE_REQUIRED,3,PASS_STANDARD_DERIVED_STROKE_ORDER,,NOT_SCORABLE_COMPONENT_SOURCE_REQUIRED,,NOT_SCORABLE_COMPONENT_NAME_SOURCE_REQUIRED,,NOT_SCORABLE_RADICAL_SOURCE_REQUIRED,,NOT_SCORABLE_SINGLE_COMPONENT_SOURCE_REQUIRED,,NOT_SCORABLE_STRUCTURE_DECOMPOSITION_SOURCE_REQUIRED,NO_CNBE_WRITE,NO_DATABASE_REBUILD,run_bounded_standardizer_extraction_before_more_scoring
8105_core_control_040,歉,U+6B49,8105_core_control,6,6,50,PARTIALLY_SCORED_REMAINING_ITEMS_NOT_SCORABLE,3,PASS_8105_CORE_COVERAGE,,NOT_SCORABLE_STROKE_SHAPE_SOURCE_REQUIRED,3,PASS_STANDARD_DERIVED_STROKE_ORDER,,NOT_SCORABLE_COMPONENT_SOURCE_REQUIRED,,NOT_SCORABLE_COMPONENT_NAME_SOURCE_REQUIRED,,NOT_SCORABLE_RADICAL_SOURCE_REQUIRED,,NOT_SCORABLE_SINGLE_COMPONENT_SOURCE_REQUIRED,,NOT_SCORABLE_STRUCTURE_DECOMPOSITION_SOURCE_REQUIRED,NO_CNBE_WRITE,NO_DATABASE_REBUILD,run_bounded_standardizer_extraction_before_more_scoring
8105_core_control_041,氩,U+6C29,8105_core_control,6,6,50,PARTIALLY_SCORED_REMAINING_ITEMS_NOT_SCORABLE,3,PASS_8105_CORE_COVERAGE,,NOT_SCORABLE_STROKE_SHAPE_SOURCE_REQUIRED,3,PASS_STANDARD_DERIVED_STROKE_ORDER,,NOT_SCORABLE_COMPONENT_SOURCE_REQUIRED,,NOT_SCORABLE_COMPONENT_NAME_SOURCE_REQUIRED,,NOT_SCORABLE_RADICAL_SOURCE_REQUIRED,,NOT_SCORABLE_SINGLE_COMPONENT_SOURCE_REQUIRED,,NOT_SCORABLE_STRUCTURE_DECOMPOSITION_SOURCE_REQUIRED,NO_CNBE_WRITE,NO_DATABASE_REBUILD,run_bounded_standardizer_extraction_before_more_scoring
8105_core_control_042,沽,U+6CBD,8105_core_control,6,6,50,PARTIALLY_SCORED_REMAINING_ITEMS_NOT_SCORABLE,3,PASS_8105_CORE_COVERAGE,,NOT_SCORABLE_STROKE_SHAPE_SOURCE_REQUIRED,3,PASS_STANDARD_DERIVED_STROKE_ORDER,,NOT_SCORABLE_COMPONENT_SOURCE_REQUIRED,,NOT_SCORABLE_COMPONENT_NAME_SOURCE_REQUIRED,,NOT_SCORABLE_RADICAL_SOURCE_REQUIRED,,NOT_SCORABLE_SINGLE_COMPONENT_SOURCE_REQUIRED,,NOT_SCORABLE_STRUCTURE_DECOMPOSITION_SOURCE_REQUIRED,NO_CNBE_WRITE,NO_DATABASE_REBUILD,run_bounded_standardizer_extraction_before_more_scoring
8105_core_control_043,浃,U+6D43,8105_core_control,6,6,50,PARTIALLY_SCORED_REMAINING_ITEMS_NOT_SCORABLE,3,PASS_8105_CORE_COVERAGE,,NOT_SCORABLE_STROKE_SHAPE_SOURCE_REQUIRED,3,PASS_STANDARD_DERIVED_STROKE_ORDER,,NOT_SCORABLE_COMPONENT_SOURCE_REQUIRED,,NOT_SCORABLE_COMPONENT_NAME_SOURCE_REQUIRED,,NOT_SCORABLE_RADICAL_SOURCE_REQUIRED,,NOT_SCORABLE_SINGLE_COMPONENT_SOURCE_REQUIRED,,NOT_SCORABLE_STRUCTURE_DECOMPOSITION_SOURCE_REQUIRED,NO_CNBE_WRITE,NO_DATABASE_REBUILD,run_bounded_standardizer_extraction_before_more_scoring
8105_core_control_044,淌,U+6DCC,8105_core_control,6,6,50,PARTIALLY_SCORED_REMAINING_ITEMS_NOT_SCORABLE,3,PASS_8105_CORE_COVERAGE,,NOT_SCORABLE_STROKE_SHAPE_SOURCE_REQUIRED,3,PASS_STANDARD_DERIVED_STROKE_ORDER,,NOT_SCORABLE_COMPONENT_SOURCE_REQUIRED,,NOT_SCORABLE_COMPONENT_NAME_SOURCE_REQUIRED,,NOT_SCORABLE_RADICAL_SOURCE_REQUIRED,,NOT_SCORABLE_SINGLE_COMPONENT_SOURCE_REQUIRED,,NOT_SCORABLE_STRUCTURE_DECOMPOSITION_SOURCE_REQUIRED,NO_CNBE_WRITE,NO_DATABASE_REBUILD,run_bounded_standardizer_extraction_before_more_scoring
8105_core_control_045,溘,U+6E98,8105_core_control,6,6,50,PARTIALLY_SCORED_REMAINING_ITEMS_NOT_SCORABLE,3,PASS_8105_CORE_COVERAGE,,NOT_SCORABLE_STROKE_SHAPE_SOURCE_REQUIRED,3,PASS_STANDARD_DERIVED_STROKE_ORDER,,NOT_SCORABLE_COMPONENT_SOURCE_REQUIRED,,NOT_SCORABLE_COMPONENT_NAME_SOURCE_REQUIRED,,NOT_SCORABLE_RADICAL_SOURCE_REQUIRED,,NOT_SCORABLE_SINGLE_COMPONENT_SOURCE_REQUIRED,,NOT_SCORABLE_STRUCTURE_DECOMPOSITION_SOURCE_REQUIRED,NO_CNBE_WRITE,NO_DATABASE_REBUILD,run_bounded_standardizer_extraction_before_more_scoring
8105_core_control_046,潋,U+6F4B,8105_core_control,6,6,50,PARTIALLY_SCORED_REMAINING_ITEMS_NOT_SCORABLE,3,PASS_8105_CORE_COVERAGE,,NOT_SCORABLE_STROKE_SHAPE_SOURCE_REQUIRED,3,PASS_STANDARD_DERIVED_STROKE_ORDER,,NOT_SCORABLE_COMPONENT_SOURCE_REQUIRED,,NOT_SCORABLE_COMPONENT_NAME_SOURCE_REQUIRED,,NOT_SCORABLE_RADICAL_SOURCE_REQUIRED,,NOT_SCORABLE_SINGLE_COMPONENT_SOURCE_REQUIRED,,NOT_SCORABLE_STRUCTURE_DECOMPOSITION_SOURCE_REQUIRED,NO_CNBE_WRITE,NO_DATABASE_REBUILD,run_bounded_standardizer_extraction_before_more_scoring
8105_core_control_047,炉,U+7089,8105_core_control,6,6,50,PARTIALLY_SCORED_REMAINING_ITEMS_NOT_SCORABLE,3,PASS_8105_CORE_COVERAGE,,NOT_SCORABLE_STROKE_SHAPE_SOURCE_REQUIRED,3,PASS_STANDARD_DERIVED_STROKE_ORDER,,NOT_SCORABLE_COMPONENT_SOURCE_REQUIRED,,NOT_SCORABLE_COMPONENT_NAME_SOURCE_REQUIRED,,NOT_SCORABLE_RADICAL_SOURCE_REQUIRED,,NOT_SCORABLE_SINGLE_COMPONENT_SOURCE_REQUIRED,,NOT_SCORABLE_STRUCTURE_DECOMPOSITION_SOURCE_REQUIRED,NO_CNBE_WRITE,NO_DATABASE_REBUILD,run_bounded_standardizer_extraction_before_more_scoring
8105_core_control_048,煓,U+7153,8105_core_control,6,6,50,PARTIALLY_SCORED_REMAINING_ITEMS_NOT_SCORABLE,3,PASS_8105_CORE_COVERAGE,,NOT_SCORABLE_STROKE_SHAPE_SOURCE_REQUIRED,3,PASS_STANDARD_DERIVED_STROKE_ORDER,,NOT_SCORABLE_COMPONENT_SOURCE_REQUIRED,,NOT_SCORABLE_COMPONENT_NAME_SOURCE_REQUIRED,,NOT_SCORABLE_RADICAL_SOURCE_REQUIRED,,NOT_SCORABLE_SINGLE_COMPONENT_SOURCE_REQUIRED,,NOT_SCORABLE_STRUCTURE_DECOMPOSITION_SOURCE_REQUIRED,NO_CNBE_WRITE,NO_DATABASE_REBUILD,run_bounded_standardizer_extraction_before_more_scoring
8105_core_control_049,牧,U+7267,8105_core_control,6,6,50,PARTIALLY_SCORED_REMAINING_ITEMS_NOT_SCORABLE,3,PASS_8105_CORE_COVERAGE,,NOT_SCORABLE_STROKE_SHAPE_SOURCE_REQUIRED,3,PASS_STANDARD_DERIVED_STROKE_ORDER,,NOT_SCORABLE_COMPONENT_SOURCE_REQUIRED,,NOT_SCORABLE_COMPONENT_NAME_SOURCE_REQUIRED,,NOT_SCORABLE_RADICAL_SOURCE_REQUIRED,,NOT_SCORABLE_SINGLE_COMPONENT_SOURCE_REQUIRED,,NOT_SCORABLE_STRUCTURE_DECOMPOSITION_SOURCE_REQUIRED,NO_CNBE_WRITE,NO_DATABASE_REBUILD,run_bounded_standardizer_extraction_before_more_scoring
8105_core_control_050,献,U+732E,8105_core_control,6,6,50,PARTIALLY_SCORED_REMAINING_ITEMS_NOT_SCORABLE,3,PASS_8105_CORE_COVERAGE,,NOT_SCORABLE_STROKE_SHAPE_SOURCE_REQUIRED,3,PASS_STANDARD_DERIVED_STROKE_ORDER,,NOT_SCORABLE_COMPONENT_SOURCE_REQUIRED,,NOT_SCORABLE_COMPONENT_NAME_SOURCE_REQUIRED,,NOT_SCORABLE_RADICAL_SOURCE_REQUIRED,,NOT_SCORABLE_SINGLE_COMPONENT_SOURCE_REQUIRED,,NOT_SCORABLE_STRUCTURE_DECOMPOSITION_SOURCE_REQUIRED,NO_CNBE_WRITE,NO_DATABASE_REBUILD,run_bounded_standardizer_extraction_before_more_scoring
8105_core_control_051,珥,U+73E5,8105_core_control,6,6,50,PARTIALLY_SCORED_REMAINING_ITEMS_NOT_SCORABLE,3,PASS_8105_CORE_COVERAGE,,NOT_SCORABLE_STROKE_SHAPE_SOURCE_REQUIRED,3,PASS_STANDARD_DERIVED_STROKE_ORDER,,NOT_SCORABLE_COMPONENT_SOURCE_REQUIRED,,NOT_SCORABLE_COMPONENT_NAME_SOURCE_REQUIRED,,NOT_SCORABLE_RADICAL_SOURCE_REQUIRED,,NOT_SCORABLE_SINGLE_COMPONENT_SOURCE_REQUIRED,,NOT_SCORABLE_STRUCTURE_DECOMPOSITION_SOURCE_REQUIRED,NO_CNBE_WRITE,NO_DATABASE_REBUILD,run_bounded_standardizer_extraction_before_more_scoring
8105_core_control_052,璁,U+7481,8105_core_control,6,6,50,PARTIALLY_SCORED_REMAINING_ITEMS_NOT_SCORABLE,3,PASS_8105_CORE_COVERAGE,,NOT_SCORABLE_STROKE_SHAPE_SOURCE_REQUIRED,3,PASS_STANDARD_DERIVED_STROKE_ORDER,,NOT_SCORABLE_COMPONENT_SOURCE_REQUIRED,,NOT_SCORABLE_COMPONENT_NAME_SOURCE_REQUIRED,,NOT_SCORABLE_RADICAL_SOURCE_REQUIRED,,NOT_SCORABLE_SINGLE_COMPONENT_SOURCE_REQUIRED,,NOT_SCORABLE_STRUCTURE_DECOMPOSITION_SOURCE_REQUIRED,NO_CNBE_WRITE,NO_DATABASE_REBUILD,run_bounded_standardizer_extraction_before_more_scoring
8105_core_control_053,畚,U+755A,8105_core_control,6,6,50,PARTIALLY_SCORED_REMAINING_ITEMS_NOT_SCORABLE,3,PASS_8105_CORE_COVERAGE,,NOT_SCORABLE_STROKE_SHAPE_SOURCE_REQUIRED,3,PASS_STANDARD_DERIVED_STROKE_ORDER,,NOT_SCORABLE_COMPONENT_SOURCE_REQUIRED,,NOT_SCORABLE_COMPONENT_NAME_SOURCE_REQUIRED,,NOT_SCORABLE_RADICAL_SOURCE_REQUIRED,,NOT_SCORABLE_SINGLE_COMPONENT_SOURCE_REQUIRED,,NOT_SCORABLE_STRUCTURE_DECOMPOSITION_SOURCE_REQUIRED,NO_CNBE_WRITE,NO_DATABASE_REBUILD,run_bounded_standardizer_extraction_before_more_scoring
8105_core_control_054,瘃,U+7603,8105_core_control,6,6,50,PARTIALLY_SCORED_REMAINING_ITEMS_NOT_SCORABLE,3,PASS_8105_CORE_COVERAGE,,NOT_SCORABLE_STROKE_SHAPE_SOURCE_REQUIRED,3,PASS_STANDARD_DERIVED_STROKE_ORDER,,NOT_SCORABLE_COMPONENT_SOURCE_REQUIRED,,NOT_SCORABLE_COMPONENT_NAME_SOURCE_REQUIRED,,NOT_SCORABLE_RADICAL_SOURCE_REQUIRED,,NOT_SCORABLE_SINGLE_COMPONENT_SOURCE_REQUIRED,,NOT_SCORABLE_STRUCTURE_DECOMPOSITION_SOURCE_REQUIRED,NO_CNBE_WRITE,NO_DATABASE_REBUILD,run_bounded_standardizer_extraction_before_more_scoring
8105_core_control_055,盖,U+76D6,8105_core_control,6,6,50,PARTIALLY_SCORED_REMAINING_ITEMS_NOT_SCORABLE,3,PASS_8105_CORE_COVERAGE,,NOT_SCORABLE_STROKE_SHAPE_SOURCE_REQUIRED,3,PASS_STANDARD_DERIVED_STROKE_ORDER,,NOT_SCORABLE_COMPONENT_SOURCE_REQUIRED,,NOT_SCORABLE_COMPONENT_NAME_SOURCE_REQUIRED,,NOT_SCORABLE_RADICAL_SOURCE_REQUIRED,,NOT_SCORABLE_SINGLE_COMPONENT_SOURCE_REQUIRED,,NOT_SCORABLE_STRUCTURE_DECOMPOSITION_SOURCE_REQUIRED,NO_CNBE_WRITE,NO_DATABASE_REBUILD,run_bounded_standardizer_extraction_before_more_scoring
8105_core_control_056,瞭,U+77AD,8105_core_control,6,6,50,PARTIALLY_SCORED_REMAINING_ITEMS_NOT_SCORABLE,3,PASS_8105_CORE_COVERAGE,,NOT_SCORABLE_STROKE_SHAPE_SOURCE_REQUIRED,3,PASS_STANDARD_DERIVED_STROKE_ORDER,,NOT_SCORABLE_COMPONENT_SOURCE_REQUIRED,,NOT_SCORABLE_COMPONENT_NAME_SOURCE_REQUIRED,,NOT_SCORABLE_RADICAL_SOURCE_REQUIRED,,NOT_SCORABLE_SINGLE_COMPONENT_SOURCE_REQUIRED,,NOT_SCORABLE_STRUCTURE_DECOMPOSITION_SOURCE_REQUIRED,NO_CNBE_WRITE,NO_DATABASE_REBUILD,run_bounded_standardizer_extraction_before_more_scoring
8105_core_control_057,硪,U+786A,8105_core_control,6,6,50,PARTIALLY_SCORED_REMAINING_ITEMS_NOT_SCORABLE,3,PASS_8105_CORE_COVERAGE,,NOT_SCORABLE_STROKE_SHAPE_SOURCE_REQUIRED,3,PASS_STANDARD_DERIVED_STROKE_ORDER,,NOT_SCORABLE_COMPONENT_SOURCE_REQUIRED,,NOT_SCORABLE_COMPONENT_NAME_SOURCE_REQUIRED,,NOT_SCORABLE_RADICAL_SOURCE_REQUIRED,,NOT_SCORABLE_SINGLE_COMPONENT_SOURCE_REQUIRED,,NOT_SCORABLE_STRUCTURE_DECOMPOSITION_SOURCE_REQUIRED,NO_CNBE_WRITE,NO_DATABASE_REBUILD,run_bounded_standardizer_extraction_before_more_scoring
8105_core_control_058,祛,U+795B,8105_core_control,6,6,50,PARTIALLY_SCORED_REMAINING_ITEMS_NOT_SCORABLE,3,PASS_8105_CORE_COVERAGE,,NOT_SCORABLE_STROKE_SHAPE_SOURCE_REQUIRED,3,PASS_STANDARD_DERIVED_STROKE_ORDER,,NOT_SCORABLE_COMPONENT_SOURCE_REQUIRED,,NOT_SCORABLE_COMPONENT_NAME_SOURCE_REQUIRED,,NOT_SCORABLE_RADICAL_SOURCE_REQUIRED,,NOT_SCORABLE_SINGLE_COMPONENT_SOURCE_REQUIRED,,NOT_SCORABLE_STRUCTURE_DECOMPOSITION_SOURCE_REQUIRED,NO_CNBE_WRITE,NO_DATABASE_REBUILD,run_bounded_standardizer_extraction_before_more_scoring
8105_core_control_059,稹,U+7A39,8105_core_control,6,6,50,PARTIALLY_SCORED_REMAINING_ITEMS_NOT_SCORABLE,3,PASS_8105_CORE_COVERAGE,,NOT_SCORABLE_STROKE_SHAPE_SOURCE_REQUIRED,3,PASS_STANDARD_DERIVED_STROKE_ORDER,,NOT_SCORABLE_COMPONENT_SOURCE_REQUIRED,,NOT_SCORABLE_COMPONENT_NAME_SOURCE_REQUIRED,,NOT_SCORABLE_RADICAL_SOURCE_REQUIRED,,NOT_SCORABLE_SINGLE_COMPONENT_SOURCE_REQUIRED,,NOT_SCORABLE_STRUCTURE_DECOMPOSITION_SOURCE_REQUIRED,NO_CNBE_WRITE,NO_DATABASE_REBUILD,run_bounded_standardizer_extraction_before_more_scoring
8105_core_control_060,符,U+7B26,8105_core_control,6,6,50,PARTIALLY_SCORED_REMAINING_ITEMS_NOT_SCORABLE,3,PASS_8105_CORE_COVERAGE,,NOT_SCORABLE_STROKE_SHAPE_SOURCE_REQUIRED,3,PASS_STANDARD_DERIVED_STROKE_ORDER,,NOT_SCORABLE_COMPONENT_SOURCE_REQUIRED,,NOT_SCORABLE_COMPONENT_NAME_SOURCE_REQUIRED,,NOT_SCORABLE_RADICAL_SOURCE_REQUIRED,,NOT_SCORABLE_SINGLE_COMPONENT_SOURCE_REQUIRED,,NOT_SCORABLE_STRUCTURE_DECOMPOSITION_SOURCE_REQUIRED,NO_CNBE_WRITE,NO_DATABASE_REBUILD,run_bounded_standardizer_extraction_before_more_scoring
8105_core_control_061,篯,U+7BEF,8105_core_control,6,6,50,PARTIALLY_SCORED_REMAINING_ITEMS_NOT_SCORABLE,3,PASS_8105_CORE_COVERAGE,,NOT_SCORABLE_STROKE_SHAPE_SOURCE_REQUIRED,3,PASS_STANDARD_DERIVED_STROKE_ORDER,,NOT_SCORABLE_COMPONENT_SOURCE_REQUIRED,,NOT_SCORABLE_COMPONENT_NAME_SOURCE_REQUIRED,,NOT_SCORABLE_RADICAL_SOURCE_REQUIRED,,NOT_SCORABLE_SINGLE_COMPONENT_SOURCE_REQUIRED,,NOT_SCORABLE_STRUCTURE_DECOMPOSITION_SOURCE_REQUIRED,NO_CNBE_WRITE,NO_DATABASE_REBUILD,run_bounded_standardizer_extraction_before_more_scoring
8105_core_control_062,綦,U+7DA6,8105_core_control,6,6,50,PARTIALLY_SCORED_REMAINING_ITEMS_NOT_SCORABLE,3,PASS_8105_CORE_COVERAGE,,NOT_SCORABLE_STROKE_SHAPE_SOURCE_REQUIRED,3,PASS_STANDARD_DERIVED_STROKE_ORDER,,NOT_SCORABLE_COMPONENT_SOURCE_REQUIRED,,NOT_SCORABLE_COMPONENT_NAME_SOURCE_REQUIRED,,NOT_SCORABLE_RADICAL_SOURCE_REQUIRED,,NOT_SCORABLE_SINGLE_COMPONENT_SOURCE_REQUIRED,,NOT_SCORABLE_STRUCTURE_DECOMPOSITION_SOURCE_REQUIRED,NO_CNBE_WRITE,NO_DATABASE_REBUILD,run_bounded_standardizer_extraction_before_more_scoring
8105_core_control_063,绨,U+7EE8,8105_core_control,6,6,50,PARTIALLY_SCORED_REMAINING_ITEMS_NOT_SCORABLE,3,PASS_8105_CORE_COVERAGE,,NOT_SCORABLE_STROKE_SHAPE_SOURCE_REQUIRED,3,PASS_STANDARD_DERIVED_STROKE_ORDER,,NOT_SCORABLE_COMPONENT_SOURCE_REQUIRED,,NOT_SCORABLE_COMPONENT_NAME_SOURCE_REQUIRED,,NOT_SCORABLE_RADICAL_SOURCE_REQUIRED,,NOT_SCORABLE_SINGLE_COMPONENT_SOURCE_REQUIRED,,NOT_SCORABLE_STRUCTURE_DECOMPOSITION_SOURCE_REQUIRED,NO_CNBE_WRITE,NO_DATABASE_REBUILD,run_bounded_standardizer_extraction_before_more_scoring
8105_core_control_064,网,U+7F51,8105_core_control,6,6,50,PARTIALLY_SCORED_REMAINING_ITEMS_NOT_SCORABLE,3,PASS_8105_CORE_COVERAGE,,NOT_SCORABLE_STROKE_SHAPE_SOURCE_REQUIRED,3,PASS_STANDARD_DERIVED_STROKE_ORDER,,NOT_SCORABLE_COMPONENT_SOURCE_REQUIRED,,NOT_SCORABLE_COMPONENT_NAME_SOURCE_REQUIRED,,NOT_SCORABLE_RADICAL_SOURCE_REQUIRED,,NOT_SCORABLE_SINGLE_COMPONENT_SOURCE_REQUIRED,,NOT_SCORABLE_STRUCTURE_DECOMPOSITION_SOURCE_REQUIRED,NO_CNBE_WRITE,NO_DATABASE_REBUILD,run_bounded_standardizer_extraction_before_more_scoring
8105_core_control_065,耋,U+800B,8105_core_control,6,6,50,PARTIALLY_SCORED_REMAINING_ITEMS_NOT_SCORABLE,3,PASS_8105_CORE_COVERAGE,,NOT_SCORABLE_STROKE_SHAPE_SOURCE_REQUIRED,3,PASS_STANDARD_DERIVED_STROKE_ORDER,,NOT_SCORABLE_COMPONENT_SOURCE_REQUIRED,,NOT_SCORABLE_COMPONENT_NAME_SOURCE_REQUIRED,,NOT_SCORABLE_RADICAL_SOURCE_REQUIRED,,NOT_SCORABLE_SINGLE_COMPONENT_SOURCE_REQUIRED,,NOT_SCORABLE_STRUCTURE_DECOMPOSITION_SOURCE_REQUIRED,NO_CNBE_WRITE,NO_DATABASE_REBUILD,run_bounded_standardizer_extraction_before_more_scoring
8105_core_control_066,肿,U+80BF,8105_core_control,6,6,50,PARTIALLY_SCORED_REMAINING_ITEMS_NOT_SCORABLE,3,PASS_8105_CORE_COVERAGE,,NOT_SCORABLE_STROKE_SHAPE_SOURCE_REQUIRED,3,PASS_STANDARD_DERIVED_STROKE_ORDER,,NOT_SCORABLE_COMPONENT_SOURCE_REQUIRED,,NOT_SCORABLE_COMPONENT_NAME_SOURCE_REQUIRED,,NOT_SCORABLE_RADICAL_SOURCE_REQUIRED,,NOT_SCORABLE_SINGLE_COMPONENT_SOURCE_REQUIRED,,NOT_SCORABLE_STRUCTURE_DECOMPOSITION_SOURCE_REQUIRED,NO_CNBE_WRITE,NO_DATABASE_REBUILD,run_bounded_standardizer_extraction_before_more_scoring
8105_core_control_067,腠,U+8160,8105_core_control,6,6,50,PARTIALLY_SCORED_REMAINING_ITEMS_NOT_SCORABLE,3,PASS_8105_CORE_COVERAGE,,NOT_SCORABLE_STROKE_SHAPE_SOURCE_REQUIRED,3,PASS_STANDARD_DERIVED_STROKE_ORDER,,NOT_SCORABLE_COMPONENT_SOURCE_REQUIRED,,NOT_SCORABLE_COMPONENT_NAME_SOURCE_REQUIRED,,NOT_SCORABLE_RADICAL_SOURCE_REQUIRED,,NOT_SCORABLE_SINGLE_COMPONENT_SOURCE_REQUIRED,,NOT_SCORABLE_STRUCTURE_DECOMPOSITION_SOURCE_REQUIRED,NO_CNBE_WRITE,NO_DATABASE_REBUILD,run_bounded_standardizer_extraction_before_more_scoring
8105_core_control_068,舶,U+8236,8105_core_control,6,6,50,PARTIALLY_SCORED_REMAINING_ITEMS_NOT_SCORABLE,3,PASS_8105_CORE_COVERAGE,,NOT_SCORABLE_STROKE_SHAPE_SOURCE_REQUIRED,3,PASS_STANDARD_DERIVED_STROKE_ORDER,,NOT_SCORABLE_COMPONENT_SOURCE_REQUIRED,,NOT_SCORABLE_COMPONENT_NAME_SOURCE_REQUIRED,,NOT_SCORABLE_RADICAL_SOURCE_REQUIRED,,NOT_SCORABLE_SINGLE_COMPONENT_SOURCE_REQUIRED,,NOT_SCORABLE_STRUCTURE_DECOMPOSITION_SOURCE_REQUIRED,NO_CNBE_WRITE,NO_DATABASE_REBUILD,run_bounded_standardizer_extraction_before_more_scoring
8105_core_control_069,苓,U+82D3,8105_core_control,6,6,50,PARTIALLY_SCORED_REMAINING_ITEMS_NOT_SCORABLE,3,PASS_8105_CORE_COVERAGE,,NOT_SCORABLE_STROKE_SHAPE_SOURCE_REQUIRED,3,PASS_STANDARD_DERIVED_STROKE_ORDER,,NOT_SCORABLE_COMPONENT_SOURCE_REQUIRED,,NOT_SCORABLE_COMPONENT_NAME_SOURCE_REQUIRED,,NOT_SCORABLE_RADICAL_SOURCE_REQUIRED,,NOT_SCORABLE_SINGLE_COMPONENT_SOURCE_REQUIRED,,NOT_SCORABLE_STRUCTURE_DECOMPOSITION_SOURCE_REQUIRED,NO_CNBE_WRITE,NO_DATABASE_REBUILD,run_bounded_standardizer_extraction_before_more_scoring
8105_core_control_070,荠,U+8360,8105_core_control,6,6,50,PARTIALLY_SCORED_REMAINING_ITEMS_NOT_SCORABLE,3,PASS_8105_CORE_COVERAGE,,NOT_SCORABLE_STROKE_SHAPE_SOURCE_REQUIRED,3,PASS_STANDARD_DERIVED_STROKE_ORDER,,NOT_SCORABLE_COMPONENT_SOURCE_REQUIRED,,NOT_SCORABLE_COMPONENT_NAME_SOURCE_REQUIRED,,NOT_SCORABLE_RADICAL_SOURCE_REQUIRED,,NOT_SCORABLE_SINGLE_COMPONENT_SOURCE_REQUIRED,,NOT_SCORABLE_STRUCTURE_DECOMPOSITION_SOURCE_REQUIRED,NO_CNBE_WRITE,NO_DATABASE_REBUILD,run_bounded_standardizer_extraction_before_more_scoring
8105_core_control_071,萌,U+840C,8105_core_control,6,6,50,PARTIALLY_SCORED_REMAINING_ITEMS_NOT_SCORABLE,3,PASS_8105_CORE_COVERAGE,,NOT_SCORABLE_STROKE_SHAPE_SOURCE_REQUIRED,3,PASS_STANDARD_DERIVED_STROKE_ORDER,,NOT_SCORABLE_COMPONENT_SOURCE_REQUIRED,,NOT_SCORABLE_COMPONENT_NAME_SOURCE_REQUIRED,,NOT_SCORABLE_RADICAL_SOURCE_REQUIRED,,NOT_SCORABLE_SINGLE_COMPONENT_SOURCE_REQUIRED,,NOT_SCORABLE_STRUCTURE_DECOMPOSITION_SOURCE_REQUIRED,NO_CNBE_WRITE,NO_DATABASE_REBUILD,run_bounded_standardizer_extraction_before_more_scoring
8105_core_control_072,蓝,U+84DD,8105_core_control,6,6,50,PARTIALLY_SCORED_REMAINING_ITEMS_NOT_SCORABLE,3,PASS_8105_CORE_COVERAGE,,NOT_SCORABLE_STROKE_SHAPE_SOURCE_REQUIRED,3,PASS_STANDARD_DERIVED_STROKE_ORDER,,NOT_SCORABLE_COMPONENT_SOURCE_REQUIRED,,NOT_SCORABLE_COMPONENT_NAME_SOURCE_REQUIRED,,NOT_SCORABLE_RADICAL_SOURCE_REQUIRED,,NOT_SCORABLE_SINGLE_COMPONENT_SOURCE_REQUIRED,,NOT_SCORABLE_STRUCTURE_DECOMPOSITION_SOURCE_REQUIRED,NO_CNBE_WRITE,NO_DATABASE_REBUILD,run_bounded_standardizer_extraction_before_more_scoring
8105_core_control_073,蘅,U+8605,8105_core_control,6,6,50,PARTIALLY_SCORED_REMAINING_ITEMS_NOT_SCORABLE,3,PASS_8105_CORE_COVERAGE,,NOT_SCORABLE_STROKE_SHAPE_SOURCE_REQUIRED,3,PASS_STANDARD_DERIVED_STROKE_ORDER,,NOT_SCORABLE_COMPONENT_SOURCE_REQUIRED,,NOT_SCORABLE_COMPONENT_NAME_SOURCE_REQUIRED,,NOT_SCORABLE_RADICAL_SOURCE_REQUIRED,,NOT_SCORABLE_SINGLE_COMPONENT_SOURCE_REQUIRED,,NOT_SCORABLE_STRUCTURE_DECOMPOSITION_SOURCE_REQUIRED,NO_CNBE_WRITE,NO_DATABASE_REBUILD,run_bounded_standardizer_extraction_before_more_scoring
8105_core_control_074,蛱,U+86F1,8105_core_control,6,6,50,PARTIALLY_SCORED_REMAINING_ITEMS_NOT_SCORABLE,3,PASS_8105_CORE_COVERAGE,,NOT_SCORABLE_STROKE_SHAPE_SOURCE_REQUIRED,3,PASS_STANDARD_DERIVED_STROKE_ORDER,,NOT_SCORABLE_COMPONENT_SOURCE_REQUIRED,,NOT_SCORABLE_COMPONENT_NAME_SOURCE_REQUIRED,,NOT_SCORABLE_RADICAL_SOURCE_REQUIRED,,NOT_SCORABLE_SINGLE_COMPONENT_SOURCE_REQUIRED,,NOT_SCORABLE_STRUCTURE_DECOMPOSITION_SOURCE_REQUIRED,NO_CNBE_WRITE,NO_DATABASE_REBUILD,run_bounded_standardizer_extraction_before_more_scoring
8105_core_control_075,蟋,U+87CB,8105_core_control,6,6,50,PARTIALLY_SCORED_REMAINING_ITEMS_NOT_SCORABLE,3,PASS_8105_CORE_COVERAGE,,NOT_SCORABLE_STROKE_SHAPE_SOURCE_REQUIRED,3,PASS_STANDARD_DERIVED_STROKE_ORDER,,NOT_SCORABLE_COMPONENT_SOURCE_REQUIRED,,NOT_SCORABLE_COMPONENT_NAME_SOURCE_REQUIRED,,NOT_SCORABLE_RADICAL_SOURCE_REQUIRED,,NOT_SCORABLE_SINGLE_COMPONENT_SOURCE_REQUIRED,,NOT_SCORABLE_STRUCTURE_DECOMPOSITION_SOURCE_REQUIRED,NO_CNBE_WRITE,NO_DATABASE_REBUILD,run_bounded_standardizer_extraction_before_more_scoring
8105_core_control_076,裘,U+88D8,8105_core_control,6,6,50,PARTIALLY_SCORED_REMAINING_ITEMS_NOT_SCORABLE,3,PASS_8105_CORE_COVERAGE,,NOT_SCORABLE_STROKE_SHAPE_SOURCE_REQUIRED,3,PASS_STANDARD_DERIVED_STROKE_ORDER,,NOT_SCORABLE_COMPONENT_SOURCE_REQUIRED,,NOT_SCORABLE_COMPONENT_NAME_SOURCE_REQUIRED,,NOT_SCORABLE_RADICAL_SOURCE_REQUIRED,,NOT_SCORABLE_SINGLE_COMPONENT_SOURCE_REQUIRED,,NOT_SCORABLE_STRUCTURE_DECOMPOSITION_SOURCE_REQUIRED,NO_CNBE_WRITE,NO_DATABASE_REBUILD,run_bounded_standardizer_extraction_before_more_scoring
8105_core_control_077,訇,U+8A07,8105_core_control,6,6,50,PARTIALLY_SCORED_REMAINING_ITEMS_NOT_SCORABLE,3,PASS_8105_CORE_COVERAGE,,NOT_SCORABLE_STROKE_SHAPE_SOURCE_REQUIRED,3,PASS_STANDARD_DERIVED_STROKE_ORDER,,NOT_SCORABLE_COMPONENT_SOURCE_REQUIRED,,NOT_SCORABLE_COMPONENT_NAME_SOURCE_REQUIRED,,NOT_SCORABLE_RADICAL_SOURCE_REQUIRED,,NOT_SCORABLE_SINGLE_COMPONENT_SOURCE_REQUIRED,,NOT_SCORABLE_STRUCTURE_DECOMPOSITION_SOURCE_REQUIRED,NO_CNBE_WRITE,NO_DATABASE_REBUILD,run_bounded_standardizer_extraction_before_more_scoring
8105_core_control_078,诨,U+8BE8,8105_core_control,6,6,50,PARTIALLY_SCORED_REMAINING_ITEMS_NOT_SCORABLE,3,PASS_8105_CORE_COVERAGE,,NOT_SCORABLE_STROKE_SHAPE_SOURCE_REQUIRED,3,PASS_STANDARD_DERIVED_STROKE_ORDER,,NOT_SCORABLE_COMPONENT_SOURCE_REQUIRED,,NOT_SCORABLE_COMPONENT_NAME_SOURCE_REQUIRED,,NOT_SCORABLE_RADICAL_SOURCE_REQUIRED,,NOT_SCORABLE_SINGLE_COMPONENT_SOURCE_REQUIRED,,NOT_SCORABLE_STRUCTURE_DECOMPOSITION_SOURCE_REQUIRED,NO_CNBE_WRITE,NO_DATABASE_REBUILD,run_bounded_standardizer_extraction_before_more_scoring
8105_core_control_079,豌,U+8C4C,8105_core_control,6,6,50,PARTIALLY_SCORED_REMAINING_ITEMS_NOT_SCORABLE,3,PASS_8105_CORE_COVERAGE,,NOT_SCORABLE_STROKE_SHAPE_SOURCE_REQUIRED,3,PASS_STANDARD_DERIVED_STROKE_ORDER,,NOT_SCORABLE_COMPONENT_SOURCE_REQUIRED,,NOT_SCORABLE_COMPONENT_NAME_SOURCE_REQUIRED,,NOT_SCORABLE_RADICAL_SOURCE_REQUIRED,,NOT_SCORABLE_SINGLE_COMPONENT_SOURCE_REQUIRED,,NOT_SCORABLE_STRUCTURE_DECOMPOSITION_SOURCE_REQUIRED,NO_CNBE_WRITE,NO_DATABASE_REBUILD,run_bounded_standardizer_extraction_before_more_scoring
8105_core_control_080,赛,U+8D5B,8105_core_control,6,6,50,PARTIALLY_SCORED_REMAINING_ITEMS_NOT_SCORABLE,3,PASS_8105_CORE_COVERAGE,,NOT_SCORABLE_STROKE_SHAPE_SOURCE_REQUIRED,3,PASS_STANDARD_DERIVED_STROKE_ORDER,,NOT_SCORABLE_COMPONENT_SOURCE_REQUIRED,,NOT_SCORABLE_COMPONENT_NAME_SOURCE_REQUIRED,,NOT_SCORABLE_RADICAL_SOURCE_REQUIRED,,NOT_SCORABLE_SINGLE_COMPONENT_SOURCE_REQUIRED,,NOT_SCORABLE_STRUCTURE_DECOMPOSITION_SOURCE_REQUIRED,NO_CNBE_WRITE,NO_DATABASE_REBUILD,run_bounded_standardizer_extraction_before_more_scoring
8105_core_control_081,踟,U+8E1F,8105_core_control,6,6,50,PARTIALLY_SCORED_REMAINING_ITEMS_NOT_SCORABLE,3,PASS_8105_CORE_COVERAGE,,NOT_SCORABLE_STROKE_SHAPE_SOURCE_REQUIRED,3,PASS_STANDARD_DERIVED_STROKE_ORDER,,NOT_SCORABLE_COMPONENT_SOURCE_REQUIRED,,NOT_SCORABLE_COMPONENT_NAME_SOURCE_REQUIRED,,NOT_SCORABLE_RADICAL_SOURCE_REQUIRED,,NOT_SCORABLE_SINGLE_COMPONENT_SOURCE_REQUIRED,,NOT_SCORABLE_STRUCTURE_DECOMPOSITION_SOURCE_REQUIRED,NO_CNBE_WRITE,NO_DATABASE_REBUILD,run_bounded_standardizer_extraction_before_more_scoring
8105_core_control_082,轾,U+8F7E,8105_core_control,6,6,50,PARTIALLY_SCORED_REMAINING_ITEMS_NOT_SCORABLE,3,PASS_8105_CORE_COVERAGE,,NOT_SCORABLE_STROKE_SHAPE_SOURCE_REQUIRED,3,PASS_STANDARD_DERIVED_STROKE_ORDER,,NOT_SCORABLE_COMPONENT_SOURCE_REQUIRED,,NOT_SCORABLE_COMPONENT_NAME_SOURCE_REQUIRED,,NOT_SCORABLE_RADICAL_SOURCE_REQUIRED,,NOT_SCORABLE_SINGLE_COMPONENT_SOURCE_REQUIRED,,NOT_SCORABLE_STRUCTURE_DECOMPOSITION_SOURCE_REQUIRED,NO_CNBE_WRITE,NO_DATABASE_REBUILD,run_bounded_standardizer_extraction_before_more_scoring
8105_core_control_083,适,U+9002,8105_core_control,6,6,50,PARTIALLY_SCORED_REMAINING_ITEMS_NOT_SCORABLE,3,PASS_8105_CORE_COVERAGE,,NOT_SCORABLE_STROKE_SHAPE_SOURCE_REQUIRED,3,PASS_STANDARD_DERIVED_STROKE_ORDER,,NOT_SCORABLE_COMPONENT_SOURCE_REQUIRED,,NOT_SCORABLE_COMPONENT_NAME_SOURCE_REQUIRED,,NOT_SCORABLE_RADICAL_SOURCE_REQUIRED,,NOT_SCORABLE_SINGLE_COMPONENT_SOURCE_REQUIRED,,NOT_SCORABLE_STRUCTURE_DECOMPOSITION_SOURCE_REQUIRED,NO_CNBE_WRITE,NO_DATABASE_REBUILD,run_bounded_standardizer_extraction_before_more_scoring
8105_core_control_084,邯,U+90AF,8105_core_control,6,6,50,PARTIALLY_SCORED_REMAINING_ITEMS_NOT_SCORABLE,3,PASS_8105_CORE_COVERAGE,,NOT_SCORABLE_STROKE_SHAPE_SOURCE_REQUIRED,3,PASS_STANDARD_DERIVED_STROKE_ORDER,,NOT_SCORABLE_COMPONENT_SOURCE_REQUIRED,,NOT_SCORABLE_COMPONENT_NAME_SOURCE_REQUIRED,,NOT_SCORABLE_RADICAL_SOURCE_REQUIRED,,NOT_SCORABLE_SINGLE_COMPONENT_SOURCE_REQUIRED,,NOT_SCORABLE_STRUCTURE_DECOMPOSITION_SOURCE_REQUIRED,NO_CNBE_WRITE,NO_DATABASE_REBUILD,run_bounded_standardizer_extraction_before_more_scoring
8105_core_control_085,酝,U+915D,8105_core_control,6,6,50,PARTIALLY_SCORED_REMAINING_ITEMS_NOT_SCORABLE,3,PASS_8105_CORE_COVERAGE,,NOT_SCORABLE_STROKE_SHAPE_SOURCE_REQUIRED,3,PASS_STANDARD_DERIVED_STROKE_ORDER,,NOT_SCORABLE_COMPONENT_SOURCE_REQUIRED,,NOT_SCORABLE_COMPONENT_NAME_SOURCE_REQUIRED,,NOT_SCORABLE_RADICAL_SOURCE_REQUIRED,,NOT_SCORABLE_SINGLE_COMPONENT_SOURCE_REQUIRED,,NOT_SCORABLE_STRUCTURE_DECOMPOSITION_SOURCE_REQUIRED,NO_CNBE_WRITE,NO_DATABASE_REBUILD,run_bounded_standardizer_extraction_before_more_scoring
8105_core_control_086,钔,U+9494,8105_core_control,6,6,50,PARTIALLY_SCORED_REMAINING_ITEMS_NOT_SCORABLE,3,PASS_8105_CORE_COVERAGE,,NOT_SCORABLE_STROKE_SHAPE_SOURCE_REQUIRED,3,PASS_STANDARD_DERIVED_STROKE_ORDER,,NOT_SCORABLE_COMPONENT_SOURCE_REQUIRED,,NOT_SCORABLE_COMPONENT_NAME_SOURCE_REQUIRED,,NOT_SCORABLE_RADICAL_SOURCE_REQUIRED,,NOT_SCORABLE_SINGLE_COMPONENT_SOURCE_REQUIRED,,NOT_SCORABLE_STRUCTURE_DECOMPOSITION_SOURCE_REQUIRED,NO_CNBE_WRITE,NO_DATABASE_REBUILD,run_bounded_standardizer_extraction_before_more_scoring
8105_core_control_087,铬,U+94EC,8105_core_control,6,6,50,PARTIALLY_SCORED_REMAINING_ITEMS_NOT_SCORABLE,3,PASS_8105_CORE_COVERAGE,,NOT_SCORABLE_STROKE_SHAPE_SOURCE_REQUIRED,3,PASS_STANDARD_DERIVED_STROKE_ORDER,,NOT_SCORABLE_COMPONENT_SOURCE_REQUIRED,,NOT_SCORABLE_COMPONENT_NAME_SOURCE_REQUIRED,,NOT_SCORABLE_RADICAL_SOURCE_REQUIRED,,NOT_SCORABLE_SINGLE_COMPONENT_SOURCE_REQUIRED,,NOT_SCORABLE_STRUCTURE_DECOMPOSITION_SOURCE_REQUIRED,NO_CNBE_WRITE,NO_DATABASE_REBUILD,run_bounded_standardizer_extraction_before_more_scoring
8105_core_control_088,锿,U+953F,8105_core_control,6,6,50,PARTIALLY_SCORED_REMAINING_ITEMS_NOT_SCORABLE,3,PASS_8105_CORE_COVERAGE,,NOT_SCORABLE_STROKE_SHAPE_SOURCE_REQUIRED,3,PASS_STANDARD_DERIVED_STROKE_ORDER,,NOT_SCORABLE_COMPONENT_SOURCE_REQUIRED,,NOT_SCORABLE_COMPONENT_NAME_SOURCE_REQUIRED,,NOT_SCORABLE_RADICAL_SOURCE_REQUIRED,,NOT_SCORABLE_SINGLE_COMPONENT_SOURCE_REQUIRED,,NOT_SCORABLE_STRUCTURE_DECOMPOSITION_SOURCE_REQUIRED,NO_CNBE_WRITE,NO_DATABASE_REBUILD,run_bounded_standardizer_extraction_before_more_scoring
8105_core_control_089,阄,U+9604,8105_core_control,6,6,50,PARTIALLY_SCORED_REMAINING_ITEMS_NOT_SCORABLE,3,PASS_8105_CORE_COVERAGE,,NOT_SCORABLE_STROKE_SHAPE_SOURCE_REQUIRED,3,PASS_STANDARD_DERIVED_STROKE_ORDER,,NOT_SCORABLE_COMPONENT_SOURCE_REQUIRED,,NOT_SCORABLE_COMPONENT_NAME_SOURCE_REQUIRED,,NOT_SCORABLE_RADICAL_SOURCE_REQUIRED,,NOT_SCORABLE_SINGLE_COMPONENT_SOURCE_REQUIRED,,NOT_SCORABLE_STRUCTURE_DECOMPOSITION_SOURCE_REQUIRED,NO_CNBE_WRITE,NO_DATABASE_REBUILD,run_bounded_standardizer_extraction_before_more_scoring
8105_core_control_090,障,U+969C,8105_core_control,6,6,50,PARTIALLY_SCORED_REMAINING_ITEMS_NOT_SCORABLE,3,PASS_8105_CORE_COVERAGE,,NOT_SCORABLE_STROKE_SHAPE_SOURCE_REQUIRED,3,PASS_STANDARD_DERIVED_STROKE_ORDER,,NOT_SCORABLE_COMPONENT_SOURCE_REQUIRED,,NOT_SCORABLE_COMPONENT_NAME_SOURCE_REQUIRED,,NOT_SCORABLE_RADICAL_SOURCE_REQUIRED,,NOT_SCORABLE_SINGLE_COMPONENT_SOURCE_REQUIRED,,NOT_SCORABLE_STRUCTURE_DECOMPOSITION_SOURCE_REQUIRED,NO_CNBE_WRITE,NO_DATABASE_REBUILD,run_bounded_standardizer_extraction_before_more_scoring
8105_core_control_091,鞋,U+978B,8105_core_control,6,6,50,PARTIALLY_SCORED_REMAINING_ITEMS_NOT_SCORABLE,3,PASS_8105_CORE_COVERAGE,,NOT_SCORABLE_STROKE_SHAPE_SOURCE_REQUIRED,3,PASS_STANDARD_DERIVED_STROKE_ORDER,,NOT_SCORABLE_COMPONENT_SOURCE_REQUIRED,,NOT_SCORABLE_COMPONENT_NAME_SOURCE_REQUIRED,,NOT_SCORABLE_RADICAL_SOURCE_REQUIRED,,NOT_SCORABLE_SINGLE_COMPONENT_SOURCE_REQUIRED,,NOT_SCORABLE_STRUCTURE_DECOMPOSITION_SOURCE_REQUIRED,NO_CNBE_WRITE,NO_DATABASE_REBUILD,run_bounded_standardizer_extraction_before_more_scoring
8105_core_control_092,飑,U+98D1,8105_core_control,6,6,50,PARTIALLY_SCORED_REMAINING_ITEMS_NOT_SCORABLE,3,PASS_8105_CORE_COVERAGE,,NOT_SCORABLE_STROKE_SHAPE_SOURCE_REQUIRED,3,PASS_STANDARD_DERIVED_STROKE_ORDER,,NOT_SCORABLE_COMPONENT_SOURCE_REQUIRED,,NOT_SCORABLE_COMPONENT_NAME_SOURCE_REQUIRED,,NOT_SCORABLE_RADICAL_SOURCE_REQUIRED,,NOT_SCORABLE_SINGLE_COMPONENT_SOURCE_REQUIRED,,NOT_SCORABLE_STRUCTURE_DECOMPOSITION_SOURCE_REQUIRED,NO_CNBE_WRITE,NO_DATABASE_REBUILD,run_bounded_standardizer_extraction_before_more_scoring
8105_core_control_093,驸,U+9A78,8105_core_control,6,6,50,PARTIALLY_SCORED_REMAINING_ITEMS_NOT_SCORABLE,3,PASS_8105_CORE_COVERAGE,,NOT_SCORABLE_STROKE_SHAPE_SOURCE_REQUIRED,3,PASS_STANDARD_DERIVED_STROKE_ORDER,,NOT_SCORABLE_COMPONENT_SOURCE_REQUIRED,,NOT_SCORABLE_COMPONENT_NAME_SOURCE_REQUIRED,,NOT_SCORABLE_RADICAL_SOURCE_REQUIRED,,NOT_SCORABLE_SINGLE_COMPONENT_SOURCE_REQUIRED,,NOT_SCORABLE_STRUCTURE_DECOMPOSITION_SOURCE_REQUIRED,NO_CNBE_WRITE,NO_DATABASE_REBUILD,run_bounded_standardizer_extraction_before_more_scoring
8105_core_control_094,鬣,U+9B23,8105_core_control,6,6,50,PARTIALLY_SCORED_REMAINING_ITEMS_NOT_SCORABLE,3,PASS_8105_CORE_COVERAGE,,NOT_SCORABLE_STROKE_SHAPE_SOURCE_REQUIRED,3,PASS_STANDARD_DERIVED_STROKE_ORDER,,NOT_SCORABLE_COMPONENT_SOURCE_REQUIRED,,NOT_SCORABLE_COMPONENT_NAME_SOURCE_REQUIRED,,NOT_SCORABLE_RADICAL_SOURCE_REQUIRED,,NOT_SCORABLE_SINGLE_COMPONENT_SOURCE_REQUIRED,,NOT_SCORABLE_STRUCTURE_DECOMPOSITION_SOURCE_REQUIRED,NO_CNBE_WRITE,NO_DATABASE_REBUILD,run_bounded_standardizer_extraction_before_more_scoring
8105_core_control_095,鲼,U+9CBC,8105_core_control,6,6,50,PARTIALLY_SCORED_REMAINING_ITEMS_NOT_SCORABLE,3,PASS_8105_CORE_COVERAGE,,NOT_SCORABLE_STROKE_SHAPE_SOURCE_REQUIRED,3,PASS_STANDARD_DERIVED_STROKE_ORDER,,NOT_SCORABLE_COMPONENT_SOURCE_REQUIRED,,NOT_SCORABLE_COMPONENT_NAME_SOURCE_REQUIRED,,NOT_SCORABLE_RADICAL_SOURCE_REQUIRED,,NOT_SCORABLE_SINGLE_COMPONENT_SOURCE_REQUIRED,,NOT_SCORABLE_STRUCTURE_DECOMPOSITION_SOURCE_REQUIRED,NO_CNBE_WRITE,NO_DATABASE_REBUILD,run_bounded_standardizer_extraction_before_more_scoring
8105_core_control_096,鹋,U+9E4B,8105_core_control,6,6,50,PARTIALLY_SCORED_REMAINING_ITEMS_NOT_SCORABLE,3,PASS_8105_CORE_COVERAGE,,NOT_SCORABLE_STROKE_SHAPE_SOURCE_REQUIRED,3,PASS_STANDARD_DERIVED_STROKE_ORDER,,NOT_SCORABLE_COMPONENT_SOURCE_REQUIRED,,NOT_SCORABLE_COMPONENT_NAME_SOURCE_REQUIRED,,NOT_SCORABLE_RADICAL_SOURCE_REQUIRED,,NOT_SCORABLE_SINGLE_COMPONENT_SOURCE_REQUIRED,,NOT_SCORABLE_STRUCTURE_DECOMPOSITION_SOURCE_REQUIRED,NO_CNBE_WRITE,NO_DATABASE_REBUILD,run_bounded_standardizer_extraction_before_more_scoring
8105_core_control_097,黻,U+9EFB,8105_core_control,6,6,50,PARTIALLY_SCORED_REMAINING_ITEMS_NOT_SCORABLE,3,PASS_8105_CORE_COVERAGE,,NOT_SCORABLE_STROKE_SHAPE_SOURCE_REQUIRED,3,PASS_STANDARD_DERIVED_STROKE_ORDER,,NOT_SCORABLE_COMPONENT_SOURCE_REQUIRED,,NOT_SCORABLE_COMPONENT_NAME_SOURCE_REQUIRED,,NOT_SCORABLE_RADICAL_SOURCE_REQUIRED,,NOT_SCORABLE_SINGLE_COMPONENT_SOURCE_REQUIRED,,NOT_SCORABLE_STRUCTURE_DECOMPOSITION_SOURCE_REQUIRED,NO_CNBE_WRITE,NO_DATABASE_REBUILD,run_bounded_standardizer_extraction_before_more_scoring
8105_core_control_098,𨱔,U+28C54,8105_core_control,6,6,50,PARTIALLY_SCORED_REMAINING_ITEMS_NOT_SCORABLE,3,PASS_8105_CORE_COVERAGE,,NOT_SCORABLE_STROKE_SHAPE_SOURCE_REQUIRED,3,PASS_STANDARD_DERIVED_STROKE_ORDER,,NOT_SCORABLE_COMPONENT_SOURCE_REQUIRED,,NOT_SCORABLE_COMPONENT_NAME_SOURCE_REQUIRED,,NOT_SCORABLE_RADICAL_SOURCE_REQUIRED,,NOT_SCORABLE_SINGLE_COMPONENT_SOURCE_REQUIRED,,NOT_SCORABLE_STRUCTURE_DECOMPOSITION_SOURCE_REQUIRED,NO_CNBE_WRITE,NO_DATABASE_REBUILD,run_bounded_standardizer_extraction_before_more_scoring
8105_core_control_099,𬒈,U+2C488,8105_core_control,6,6,50,PARTIALLY_SCORED_REMAINING_ITEMS_NOT_SCORABLE,3,PASS_8105_CORE_COVERAGE,,NOT_SCORABLE_STROKE_SHAPE_SOURCE_REQUIRED,3,PASS_STANDARD_DERIVED_STROKE_ORDER,,NOT_SCORABLE_COMPONENT_SOURCE_REQUIRED,,NOT_SCORABLE_COMPONENT_NAME_SOURCE_REQUIRED,,NOT_SCORABLE_RADICAL_SOURCE_REQUIRED,,NOT_SCORABLE_SINGLE_COMPONENT_SOURCE_REQUIRED,,NOT_SCORABLE_STRUCTURE_DECOMPOSITION_SOURCE_REQUIRED,NO_CNBE_WRITE,NO_DATABASE_REBUILD,run_bounded_standardizer_extraction_before_more_scoring
8105_core_control_100,𬺓,U+2CE93,8105_core_control,6,6,50,PARTIALLY_SCORED_REMAINING_ITEMS_NOT_SCORABLE,3,PASS_8105_CORE_COVERAGE,,NOT_SCORABLE_STROKE_SHAPE_SOURCE_REQUIRED,3,PASS_STANDARD_DERIVED_STROKE_ORDER,,NOT_SCORABLE_COMPONENT_SOURCE_REQUIRED,,NOT_SCORABLE_COMPONENT_NAME_SOURCE_REQUIRED,,NOT_SCORABLE_RADICAL_SOURCE_REQUIRED,,NOT_SCORABLE_SINGLE_COMPONENT_SOURCE_REQUIRED,,NOT_SCORABLE_STRUCTURE_DECOMPOSITION_SOURCE_REQUIRED,NO_CNBE_WRITE,NO_DATABASE_REBUILD,run_bounded_standardizer_extraction_before_more_scoring
