row_id,character,unicode_codepoint,standard_rank,current_structure,current_decomposition,tool_structure,tool_struct_type,tool_decomposition,tool_top_level_parts,tool_status,authority_boundary,candidate_encoding_status,cnbe32_write_status,database_rebuild_status,review_status
8105_full_0003,二,U+4E8C,3,上下,⿱一一,独体字,0,二,,TOOL_CONFLICT_REVIEW_REQUIRED,USER_SUPPLIED_PROGRAM_AGENT_REFERENCE_NOT_NATIONAL_STANDARD,NOT_AN_ENCODING_WRITE,NO_CNBE32_WRITE,NO_DATABASE_REBUILD,HUMAN_REVIEW_REQUIRED
8105_full_0004,十,U+5341,4,镶嵌,⿻一丨,独体字,0,十,,TOOL_CONFLICT_REVIEW_REQUIRED,USER_SUPPLIED_PROGRAM_AGENT_REFERENCE_NOT_NATIONAL_STANDARD,NOT_AN_ENCODING_WRITE,NO_CNBE32_WRITE,NO_DATABASE_REBUILD,HUMAN_REVIEW_REQUIRED
8105_full_0007,七,U+4E03,7,镶嵌,⿻一乚,独体字,0,七,,TOOL_CONFLICT_REVIEW_REQUIRED,USER_SUPPLIED_PROGRAM_AGENT_REFERENCE_NOT_NATIONAL_STANDARD,NOT_AN_ENCODING_WRITE,NO_CNBE32_WRITE,NO_DATABASE_REBUILD,HUMAN_REVIEW_REQUIRED
8105_full_0008,卜,U+535C,8,镶嵌,⿻丨丶,独体字,0,卜,,TOOL_CONFLICT_REVIEW_REQUIRED,USER_SUPPLIED_PROGRAM_AGENT_REFERENCE_NOT_NATIONAL_STANDARD,NOT_AN_ENCODING_WRITE,NO_CNBE32_WRITE,NO_DATABASE_REBUILD,HUMAN_REVIEW_REQUIRED
8105_full_0012,儿,U+513F,12,左右,⿰丿乚,独体字,0,儿,,TOOL_CONFLICT_REVIEW_REQUIRED,USER_SUPPLIED_PROGRAM_AGENT_REFERENCE_NOT_NATIONAL_STANDARD,NOT_AN_ENCODING_WRITE,NO_CNBE32_WRITE,NO_DATABASE_REBUILD,HUMAN_REVIEW_REQUIRED
8105_full_0013,匕,U+5315,13,左下包,⿺乚丿,独体字,0,匕,,TOOL_CONFLICT_REVIEW_REQUIRED,USER_SUPPLIED_PROGRAM_AGENT_REFERENCE_NOT_NATIONAL_STANDARD,NOT_AN_ENCODING_WRITE,NO_CNBE32_WRITE,NO_DATABASE_REBUILD,HUMAN_REVIEW_REQUIRED
8105_full_0014,几,U+51E0,14,左右,⿰丿乙,独体字,0,几,,TOOL_CONFLICT_REVIEW_REQUIRED,USER_SUPPLIED_PROGRAM_AGENT_REFERENCE_NOT_NATIONAL_STANDARD,NOT_AN_ENCODING_WRITE,NO_CNBE32_WRITE,NO_DATABASE_REBUILD,HUMAN_REVIEW_REQUIRED
8105_full_0015,九,U+4E5D,15,镶嵌,⿻丿乙,独体字,0,九,,TOOL_CONFLICT_REVIEW_REQUIRED,USER_SUPPLIED_PROGRAM_AGENT_REFERENCE_NOT_NATIONAL_STANDARD,NOT_AN_ENCODING_WRITE,NO_CNBE32_WRITE,NO_DATABASE_REBUILD,HUMAN_REVIEW_REQUIRED
8105_full_0017,了,U+4E86,17,上下,⿱乛亅,独体字,0,了,,TOOL_CONFLICT_REVIEW_REQUIRED,USER_SUPPLIED_PROGRAM_AGENT_REFERENCE_NOT_NATIONAL_STANDARD,NOT_AN_ENCODING_WRITE,NO_CNBE32_WRITE,NO_DATABASE_REBUILD,HUMAN_REVIEW_REQUIRED
8105_full_0018,刀,U+5200,18,右上包,⿹?丿,独体字,0,刀,,TOOL_CONFLICT_REVIEW_REQUIRED,USER_SUPPLIED_PROGRAM_AGENT_REFERENCE_NOT_NATIONAL_STANDARD,NOT_AN_ENCODING_WRITE,NO_CNBE32_WRITE,NO_DATABASE_REBUILD,HUMAN_REVIEW_REQUIRED
8105_full_0019,力,U+529B,19,镶嵌,⿻丿?,独体字,0,力,,TOOL_CONFLICT_REVIEW_REQUIRED,USER_SUPPLIED_PROGRAM_AGENT_REFERENCE_NOT_NATIONAL_STANDARD,NOT_AN_ENCODING_WRITE,NO_CNBE32_WRITE,NO_DATABASE_REBUILD,HUMAN_REVIEW_REQUIRED
8105_full_0020,乃,U+4E43,20,右上包,⿹?丿,独体字,0,乃,,TOOL_CONFLICT_REVIEW_REQUIRED,USER_SUPPLIED_PROGRAM_AGENT_REFERENCE_NOT_NATIONAL_STANDARD,NOT_AN_ENCODING_WRITE,NO_CNBE32_WRITE,NO_DATABASE_REBUILD,HUMAN_REVIEW_REQUIRED
8105_full_0022,三,U+4E09,22,上下,⿱一二,独体字,0,三,,TOOL_CONFLICT_REVIEW_REQUIRED,USER_SUPPLIED_PROGRAM_AGENT_REFERENCE_NOT_NATIONAL_STANDARD,NOT_AN_ENCODING_WRITE,NO_CNBE32_WRITE,NO_DATABASE_REBUILD,HUMAN_REVIEW_REQUIRED
8105_full_0023,干,U+5E72,23,上下,⿱一十,独体字,0,干,,TOOL_CONFLICT_REVIEW_REQUIRED,USER_SUPPLIED_PROGRAM_AGENT_REFERENCE_NOT_NATIONAL_STANDARD,NOT_AN_ENCODING_WRITE,NO_CNBE32_WRITE,NO_DATABASE_REBUILD,HUMAN_REVIEW_REQUIRED
8105_full_0024,于,U+4E8E,24,镶嵌,⿻二亅,独体字,0,于,,TOOL_CONFLICT_REVIEW_REQUIRED,USER_SUPPLIED_PROGRAM_AGENT_REFERENCE_NOT_NATIONAL_STANDARD,NOT_AN_ENCODING_WRITE,NO_CNBE32_WRITE,NO_DATABASE_REBUILD,HUMAN_REVIEW_REQUIRED
8105_full_0026,工,U+5DE5,26,上下,⿱一丄,独体字,0,工,,TOOL_CONFLICT_REVIEW_REQUIRED,USER_SUPPLIED_PROGRAM_AGENT_REFERENCE_NOT_NATIONAL_STANDARD,NOT_AN_ENCODING_WRITE,NO_CNBE32_WRITE,NO_DATABASE_REBUILD,HUMAN_REVIEW_REQUIRED
8105_full_0027,土,U+571F,27,上下,⿱十一,独体字,0,土,,TOOL_CONFLICT_REVIEW_REQUIRED,USER_SUPPLIED_PROGRAM_AGENT_REFERENCE_NOT_NATIONAL_STANDARD,NOT_AN_ENCODING_WRITE,NO_CNBE32_WRITE,NO_DATABASE_REBUILD,HUMAN_REVIEW_REQUIRED
8105_full_0029,才,U+624D,29,镶嵌,⿻扌?,独体字,0,才,,TOOL_CONFLICT_REVIEW_REQUIRED,USER_SUPPLIED_PROGRAM_AGENT_REFERENCE_NOT_NATIONAL_STANDARD,NOT_AN_ENCODING_WRITE,NO_CNBE32_WRITE,NO_DATABASE_REBUILD,HUMAN_REVIEW_REQUIRED
8105_full_0030,下,U+4E0B,30,上下,⿱一卜,独体字,0,下,,TOOL_CONFLICT_REVIEW_REQUIRED,USER_SUPPLIED_PROGRAM_AGENT_REFERENCE_NOT_NATIONAL_STANDARD,NOT_AN_ENCODING_WRITE,NO_CNBE32_WRITE,NO_DATABASE_REBUILD,HUMAN_REVIEW_REQUIRED
8105_full_0032,大,U+5927,32,镶嵌,⿻一人,独体字,0,大,,TOOL_CONFLICT_REVIEW_REQUIRED,USER_SUPPLIED_PROGRAM_AGENT_REFERENCE_NOT_NATIONAL_STANDARD,NOT_AN_ENCODING_WRITE,NO_CNBE32_WRITE,NO_DATABASE_REBUILD,HUMAN_REVIEW_REQUIRED
8105_full_0033,丈,U+4E08,33,镶嵌,⿻一又,独体字,0,丈,,TOOL_CONFLICT_REVIEW_REQUIRED,USER_SUPPLIED_PROGRAM_AGENT_REFERENCE_NOT_NATIONAL_STANDARD,NOT_AN_ENCODING_WRITE,NO_CNBE32_WRITE,NO_DATABASE_REBUILD,HUMAN_REVIEW_REQUIRED
8105_full_0034,与,U+4E0E,34,右上包,⿹?一,独体字,0,与,,TOOL_CONFLICT_REVIEW_REQUIRED,USER_SUPPLIED_PROGRAM_AGENT_REFERENCE_NOT_NATIONAL_STANDARD,NOT_AN_ENCODING_WRITE,NO_CNBE32_WRITE,NO_DATABASE_REBUILD,HUMAN_REVIEW_REQUIRED
8105_full_0035,万,U+4E07,35,上下,⿱一?,独体字,0,万,,TOOL_CONFLICT_REVIEW_REQUIRED,USER_SUPPLIED_PROGRAM_AGENT_REFERENCE_NOT_NATIONAL_STANDARD,NOT_AN_ENCODING_WRITE,NO_CNBE32_WRITE,NO_DATABASE_REBUILD,HUMAN_REVIEW_REQUIRED
8105_full_0036,上,U+4E0A,36,上下,⿱⺊一,独体字,0,上,,TOOL_CONFLICT_REVIEW_REQUIRED,USER_SUPPLIED_PROGRAM_AGENT_REFERENCE_NOT_NATIONAL_STANDARD,NOT_AN_ENCODING_WRITE,NO_CNBE32_WRITE,NO_DATABASE_REBUILD,HUMAN_REVIEW_REQUIRED
8105_full_0037,小,U+5C0F,37,镶嵌,⿻亅八,独体字,0,小,,TOOL_CONFLICT_REVIEW_REQUIRED,USER_SUPPLIED_PROGRAM_AGENT_REFERENCE_NOT_NATIONAL_STANDARD,NOT_AN_ENCODING_WRITE,NO_CNBE32_WRITE,NO_DATABASE_REBUILD,HUMAN_REVIEW_REQUIRED
8105_full_0038,口,U+53E3,38,上下,⿱冂一,独体字,0,口,,TOOL_CONFLICT_REVIEW_REQUIRED,USER_SUPPLIED_PROGRAM_AGENT_REFERENCE_NOT_NATIONAL_STANDARD,NOT_AN_ENCODING_WRITE,NO_CNBE32_WRITE,NO_DATABASE_REBUILD,HUMAN_REVIEW_REQUIRED
8105_full_0039,山,U+5C71,39,下三包,⿶凵丨,独体字,0,山,,TOOL_CONFLICT_REVIEW_REQUIRED,USER_SUPPLIED_PROGRAM_AGENT_REFERENCE_NOT_NATIONAL_STANDARD,NOT_AN_ENCODING_WRITE,NO_CNBE32_WRITE,NO_DATABASE_REBUILD,HUMAN_REVIEW_REQUIRED
8105_full_0040,巾,U+5DFE,40,镶嵌,⿻冂丨,独体字,0,巾,,TOOL_CONFLICT_REVIEW_REQUIRED,USER_SUPPLIED_PROGRAM_AGENT_REFERENCE_NOT_NATIONAL_STANDARD,NOT_AN_ENCODING_WRITE,NO_CNBE32_WRITE,NO_DATABASE_REBUILD,HUMAN_REVIEW_REQUIRED
8105_full_0041,千,U+5343,41,上下,⿱丿十,独体字,0,千,,TOOL_CONFLICT_REVIEW_REQUIRED,USER_SUPPLIED_PROGRAM_AGENT_REFERENCE_NOT_NATIONAL_STANDARD,NOT_AN_ENCODING_WRITE,NO_CNBE32_WRITE,NO_DATABASE_REBUILD,HUMAN_REVIEW_REQUIRED
8105_full_0043,川,U+5DDD,43,左中右,⿲丿丨丨,独体字,0,川,,TOOL_CONFLICT_REVIEW_REQUIRED,USER_SUPPLIED_PROGRAM_AGENT_REFERENCE_NOT_NATIONAL_STANDARD,NOT_AN_ENCODING_WRITE,NO_CNBE32_WRITE,NO_DATABASE_REBUILD,HUMAN_REVIEW_REQUIRED
8105_full_0045,个,U+4E2A,45,上下,⿱人丨,独体字,0,个,,TOOL_CONFLICT_REVIEW_REQUIRED,USER_SUPPLIED_PROGRAM_AGENT_REFERENCE_NOT_NATIONAL_STANDARD,NOT_AN_ENCODING_WRITE,NO_CNBE32_WRITE,NO_DATABASE_REBUILD,HUMAN_REVIEW_REQUIRED
8105_full_0046,夕,U+5915,46,镶嵌,⿻勹丶,独体字,0,夕,,TOOL_CONFLICT_REVIEW_REQUIRED,USER_SUPPLIED_PROGRAM_AGENT_REFERENCE_NOT_NATIONAL_STANDARD,NOT_AN_ENCODING_WRITE,NO_CNBE32_WRITE,NO_DATABASE_REBUILD,HUMAN_REVIEW_REQUIRED
8105_full_0047,久,U+4E45,47,镶嵌,⿻勹?,独体字,0,久,,TOOL_CONFLICT_REVIEW_REQUIRED,USER_SUPPLIED_PROGRAM_AGENT_REFERENCE_NOT_NATIONAL_STANDARD,NOT_AN_ENCODING_WRITE,NO_CNBE32_WRITE,NO_DATABASE_REBUILD,HUMAN_REVIEW_REQUIRED
8105_full_0048,么,U+4E48,48,上下,⿱丿厶,独体字,0,么,,TOOL_CONFLICT_REVIEW_REQUIRED,USER_SUPPLIED_PROGRAM_AGENT_REFERENCE_NOT_NATIONAL_STANDARD,NOT_AN_ENCODING_WRITE,NO_CNBE32_WRITE,NO_DATABASE_REBUILD,HUMAN_REVIEW_REQUIRED
8105_full_0050,凡,U+51E1,50,上三包,⿵几丶,独体字,0,凡,,TOOL_CONFLICT_REVIEW_REQUIRED,USER_SUPPLIED_PROGRAM_AGENT_REFERENCE_NOT_NATIONAL_STANDARD,NOT_AN_ENCODING_WRITE,NO_CNBE32_WRITE,NO_DATABASE_REBUILD,HUMAN_REVIEW_REQUIRED
8105_full_0051,丸,U+4E38,51,镶嵌,⿻九丶,独体字,0,丸,,TOOL_CONFLICT_REVIEW_REQUIRED,USER_SUPPLIED_PROGRAM_AGENT_REFERENCE_NOT_NATIONAL_STANDARD,NOT_AN_ENCODING_WRITE,NO_CNBE32_WRITE,NO_DATABASE_REBUILD,HUMAN_REVIEW_REQUIRED
8105_full_0052,及,U+53CA,52,镶嵌,⿻?又,独体字,0,及,,TOOL_CONFLICT_REVIEW_REQUIRED,USER_SUPPLIED_PROGRAM_AGENT_REFERENCE_NOT_NATIONAL_STANDARD,NOT_AN_ENCODING_WRITE,NO_CNBE32_WRITE,NO_DATABASE_REBUILD,HUMAN_REVIEW_REQUIRED
8105_full_0053,广,U+5E7F,53,上下,⿱丶厂,独体字,0,广,,TOOL_CONFLICT_REVIEW_REQUIRED,USER_SUPPLIED_PROGRAM_AGENT_REFERENCE_NOT_NATIONAL_STANDARD,NOT_AN_ENCODING_WRITE,NO_CNBE32_WRITE,NO_DATABASE_REBUILD,HUMAN_REVIEW_REQUIRED
8105_full_0054,亡,U+4EA1,54,上下,⿱亠?,独体字,0,亡,,TOOL_CONFLICT_REVIEW_REQUIRED,USER_SUPPLIED_PROGRAM_AGENT_REFERENCE_NOT_NATIONAL_STANDARD,NOT_AN_ENCODING_WRITE,NO_CNBE32_WRITE,NO_DATABASE_REBUILD,HUMAN_REVIEW_REQUIRED
8105_full_0055,门,U+95E8,55,左右,⿰⿱丶丨?,独体字,0,门,,TOOL_CONFLICT_REVIEW_REQUIRED,USER_SUPPLIED_PROGRAM_AGENT_REFERENCE_NOT_NATIONAL_STANDARD,NOT_AN_ENCODING_WRITE,NO_CNBE32_WRITE,NO_DATABASE_REBUILD,HUMAN_REVIEW_REQUIRED
8105_full_0056,丫,U+4E2B,56,上下,⿱丷丨,独体字,0,丫,,TOOL_CONFLICT_REVIEW_REQUIRED,USER_SUPPLIED_PROGRAM_AGENT_REFERENCE_NOT_NATIONAL_STANDARD,NOT_AN_ENCODING_WRITE,NO_CNBE32_WRITE,NO_DATABASE_REBUILD,HUMAN_REVIEW_REQUIRED
8105_full_0057,义,U+4E49,57,镶嵌,⿻丶乂,独体字,0,义,,TOOL_CONFLICT_REVIEW_REQUIRED,USER_SUPPLIED_PROGRAM_AGENT_REFERENCE_NOT_NATIONAL_STANDARD,NOT_AN_ENCODING_WRITE,NO_CNBE32_WRITE,NO_DATABASE_REBUILD,HUMAN_REVIEW_REQUIRED
8105_full_0058,之,U+4E4B,58,上下,⿱丶?,独体字,0,之,,TOOL_CONFLICT_REVIEW_REQUIRED,USER_SUPPLIED_PROGRAM_AGENT_REFERENCE_NOT_NATIONAL_STANDARD,NOT_AN_ENCODING_WRITE,NO_CNBE32_WRITE,NO_DATABASE_REBUILD,HUMAN_REVIEW_REQUIRED
8105_full_0059,尸,U+5C38,59,左右,⿰丿?,独体字,0,尸,,TOOL_CONFLICT_REVIEW_REQUIRED,USER_SUPPLIED_PROGRAM_AGENT_REFERENCE_NOT_NATIONAL_STANDARD,NOT_AN_ENCODING_WRITE,NO_CNBE32_WRITE,NO_DATABASE_REBUILD,HUMAN_REVIEW_REQUIRED
8105_full_0060,己,U+5DF1,60,上下,⿱?乚,独体字,0,己,,TOOL_CONFLICT_REVIEW_REQUIRED,USER_SUPPLIED_PROGRAM_AGENT_REFERENCE_NOT_NATIONAL_STANDARD,NOT_AN_ENCODING_WRITE,NO_CNBE32_WRITE,NO_DATABASE_REBUILD,HUMAN_REVIEW_REQUIRED
8105_full_0062,巳,U+5DF3,62,镶嵌,⿻乚?,独体字,0,巳,,TOOL_CONFLICT_REVIEW_REQUIRED,USER_SUPPLIED_PROGRAM_AGENT_REFERENCE_NOT_NATIONAL_STANDARD,NOT_AN_ENCODING_WRITE,NO_CNBE32_WRITE,NO_DATABASE_REBUILD,HUMAN_REVIEW_REQUIRED
8105_full_0064,子,U+5B50,64,镶嵌,⿻了一,独体字,0,子,,TOOL_CONFLICT_REVIEW_REQUIRED,USER_SUPPLIED_PROGRAM_AGENT_REFERENCE_NOT_NATIONAL_STANDARD,NOT_AN_ENCODING_WRITE,NO_CNBE32_WRITE,NO_DATABASE_REBUILD,HUMAN_REVIEW_REQUIRED
8105_full_0065,卫,U+536B,65,上下,⿱乛一,独体字,0,卫,,TOOL_CONFLICT_REVIEW_REQUIRED,USER_SUPPLIED_PROGRAM_AGENT_REFERENCE_NOT_NATIONAL_STANDARD,NOT_AN_ENCODING_WRITE,NO_CNBE32_WRITE,NO_DATABASE_REBUILD,HUMAN_REVIEW_REQUIRED
8105_full_0066,也,U+4E5F,66,镶嵌,⿻?乚,独体字,0,也,,TOOL_CONFLICT_REVIEW_REQUIRED,USER_SUPPLIED_PROGRAM_AGENT_REFERENCE_NOT_NATIONAL_STANDARD,NOT_AN_ENCODING_WRITE,NO_CNBE32_WRITE,NO_DATABASE_REBUILD,HUMAN_REVIEW_REQUIRED
8105_full_0068,刃,U+5203,68,右上包,⿹刀丶,独体字,0,刃,,TOOL_CONFLICT_REVIEW_REQUIRED,USER_SUPPLIED_PROGRAM_AGENT_REFERENCE_NOT_NATIONAL_STANDARD,NOT_AN_ENCODING_WRITE,NO_CNBE32_WRITE,NO_DATABASE_REBUILD,HUMAN_REVIEW_REQUIRED
8105_full_0069,飞,U+98DE,69,镶嵌,⿻??,独体字,0,飞,,TOOL_CONFLICT_REVIEW_REQUIRED,USER_SUPPLIED_PROGRAM_AGENT_REFERENCE_NOT_NATIONAL_STANDARD,NOT_AN_ENCODING_WRITE,NO_CNBE32_WRITE,NO_DATABASE_REBUILD,HUMAN_REVIEW_REQUIRED
8105_full_0070,习,U+4E60,70,右上包,⿹?冫,独体字,0,习,,TOOL_CONFLICT_REVIEW_REQUIRED,USER_SUPPLIED_PROGRAM_AGENT_REFERENCE_NOT_NATIONAL_STANDARD,NOT_AN_ENCODING_WRITE,NO_CNBE32_WRITE,NO_DATABASE_REBUILD,HUMAN_REVIEW_REQUIRED
8105_full_0071,叉,U+53C9,71,全包围,⿴又丶,独体字,0,叉,,TOOL_CONFLICT_REVIEW_REQUIRED,USER_SUPPLIED_PROGRAM_AGENT_REFERENCE_NOT_NATIONAL_STANDARD,NOT_AN_ENCODING_WRITE,NO_CNBE32_WRITE,NO_DATABASE_REBUILD,HUMAN_REVIEW_REQUIRED
8105_full_0072,马,U+9A6C,72,右上包,⿹?一,独体字,0,马,,TOOL_CONFLICT_REVIEW_REQUIRED,USER_SUPPLIED_PROGRAM_AGENT_REFERENCE_NOT_NATIONAL_STANDARD,NOT_AN_ENCODING_WRITE,NO_CNBE32_WRITE,NO_DATABASE_REBUILD,HUMAN_REVIEW_REQUIRED
8105_full_0074,丰,U+4E30,74,镶嵌,⿻三丨,独体字,0,丰,,TOOL_CONFLICT_REVIEW_REQUIRED,USER_SUPPLIED_PROGRAM_AGENT_REFERENCE_NOT_NATIONAL_STANDARD,NOT_AN_ENCODING_WRITE,NO_CNBE32_WRITE,NO_DATABASE_REBUILD,HUMAN_REVIEW_REQUIRED
8105_full_0075,王,U+738B,75,上下,⿱一土,独体字,0,王,,TOOL_CONFLICT_REVIEW_REQUIRED,USER_SUPPLIED_PROGRAM_AGENT_REFERENCE_NOT_NATIONAL_STANDARD,NOT_AN_ENCODING_WRITE,NO_CNBE32_WRITE,NO_DATABASE_REBUILD,HUMAN_REVIEW_REQUIRED
8105_full_0076,开,U+5F00,76,上下,⿱一廾,独体字,0,开,,TOOL_CONFLICT_REVIEW_REQUIRED,USER_SUPPLIED_PROGRAM_AGENT_REFERENCE_NOT_NATIONAL_STANDARD,NOT_AN_ENCODING_WRITE,NO_CNBE32_WRITE,NO_DATABASE_REBUILD,HUMAN_REVIEW_REQUIRED
8105_full_0077,井,U+4E95,77,镶嵌,⿻二?,独体字,0,井,,TOOL_CONFLICT_REVIEW_REQUIRED,USER_SUPPLIED_PROGRAM_AGENT_REFERENCE_NOT_NATIONAL_STANDARD,NOT_AN_ENCODING_WRITE,NO_CNBE32_WRITE,NO_DATABASE_REBUILD,HUMAN_REVIEW_REQUIRED
8105_full_0078,天,U+5929,78,上下,⿱一大,独体字,0,天,,TOOL_CONFLICT_REVIEW_REQUIRED,USER_SUPPLIED_PROGRAM_AGENT_REFERENCE_NOT_NATIONAL_STANDARD,NOT_AN_ENCODING_WRITE,NO_CNBE32_WRITE,NO_DATABASE_REBUILD,HUMAN_REVIEW_REQUIRED
8105_full_0079,夫,U+592B,79,镶嵌,⿻一大,独体字,0,夫,,TOOL_CONFLICT_REVIEW_REQUIRED,USER_SUPPLIED_PROGRAM_AGENT_REFERENCE_NOT_NATIONAL_STANDARD,NOT_AN_ENCODING_WRITE,NO_CNBE32_WRITE,NO_DATABASE_REBUILD,HUMAN_REVIEW_REQUIRED
8105_full_0081,无,U+65E0,81,上下,⿱一尢,独体字,0,无,,TOOL_CONFLICT_REVIEW_REQUIRED,USER_SUPPLIED_PROGRAM_AGENT_REFERENCE_NOT_NATIONAL_STANDARD,NOT_AN_ENCODING_WRITE,NO_CNBE32_WRITE,NO_DATABASE_REBUILD,HUMAN_REVIEW_REQUIRED
8105_full_0082,云,U+4E91,82,上下,⿱二厶,独体字,0,云,,TOOL_CONFLICT_REVIEW_REQUIRED,USER_SUPPLIED_PROGRAM_AGENT_REFERENCE_NOT_NATIONAL_STANDARD,NOT_AN_ENCODING_WRITE,NO_CNBE32_WRITE,NO_DATABASE_REBUILD,HUMAN_REVIEW_REQUIRED
8105_full_0083,专,U+4E13,83,镶嵌,⿻?一,独体字,0,专,,TOOL_CONFLICT_REVIEW_REQUIRED,USER_SUPPLIED_PROGRAM_AGENT_REFERENCE_NOT_NATIONAL_STANDARD,NOT_AN_ENCODING_WRITE,NO_CNBE32_WRITE,NO_DATABASE_REBUILD,HUMAN_REVIEW_REQUIRED
8105_full_0084,丐,U+4E10,84,上下,⿱下?,独体字,0,丐,,TOOL_CONFLICT_REVIEW_REQUIRED,USER_SUPPLIED_PROGRAM_AGENT_REFERENCE_NOT_NATIONAL_STANDARD,NOT_AN_ENCODING_WRITE,NO_CNBE32_WRITE,NO_DATABASE_REBUILD,HUMAN_REVIEW_REQUIRED
8105_full_0087,木,U+6728,87,镶嵌,⿻十八,独体字,0,木,,TOOL_CONFLICT_REVIEW_REQUIRED,USER_SUPPLIED_PROGRAM_AGENT_REFERENCE_NOT_NATIONAL_STANDARD,NOT_AN_ENCODING_WRITE,NO_CNBE32_WRITE,NO_DATABASE_REBUILD,HUMAN_REVIEW_REQUIRED
8105_full_0088,五,U+4E94,88,全包围,⿴二?,独体字,0,五,,TOOL_CONFLICT_REVIEW_REQUIRED,USER_SUPPLIED_PROGRAM_AGENT_REFERENCE_NOT_NATIONAL_STANDARD,NOT_AN_ENCODING_WRITE,NO_CNBE32_WRITE,NO_DATABASE_REBUILD,HUMAN_REVIEW_REQUIRED
8105_full_0091,不,U+4E0D,91,上下,⿱一?,独体字,0,不,,TOOL_CONFLICT_REVIEW_REQUIRED,USER_SUPPLIED_PROGRAM_AGENT_REFERENCE_NOT_NATIONAL_STANDARD,NOT_AN_ENCODING_WRITE,NO_CNBE32_WRITE,NO_DATABASE_REBUILD,HUMAN_REVIEW_REQUIRED
8105_full_0092,犬,U+72AC,92,镶嵌,⿻大丶,独体字,0,犬,,TOOL_CONFLICT_REVIEW_REQUIRED,USER_SUPPLIED_PROGRAM_AGENT_REFERENCE_NOT_NATIONAL_STANDARD,NOT_AN_ENCODING_WRITE,NO_CNBE32_WRITE,NO_DATABASE_REBUILD,HUMAN_REVIEW_REQUIRED
8105_full_0093,太,U+592A,93,上三包,⿵大丶,独体字,0,太,,TOOL_CONFLICT_REVIEW_REQUIRED,USER_SUPPLIED_PROGRAM_AGENT_REFERENCE_NOT_NATIONAL_STANDARD,NOT_AN_ENCODING_WRITE,NO_CNBE32_WRITE,NO_DATABASE_REBUILD,HUMAN_REVIEW_REQUIRED
8105_full_0096,歹,U+6B79,96,上下,⿱一夕,独体字,0,歹,,TOOL_CONFLICT_REVIEW_REQUIRED,USER_SUPPLIED_PROGRAM_AGENT_REFERENCE_NOT_NATIONAL_STANDARD,NOT_AN_ENCODING_WRITE,NO_CNBE32_WRITE,NO_DATABASE_REBUILD,HUMAN_REVIEW_REQUIRED
8105_full_0098,尤,U+5C24,98,镶嵌,⿻尢丶,独体字,0,尤,,TOOL_CONFLICT_REVIEW_REQUIRED,USER_SUPPLIED_PROGRAM_AGENT_REFERENCE_NOT_NATIONAL_STANDARD,NOT_AN_ENCODING_WRITE,NO_CNBE32_WRITE,NO_DATABASE_REBUILD,HUMAN_REVIEW_REQUIRED
8105_full_0100,车,U+8F66,100,镶嵌,⿻七十,独体字,0,车,,TOOL_CONFLICT_REVIEW_REQUIRED,USER_SUPPLIED_PROGRAM_AGENT_REFERENCE_NOT_NATIONAL_STANDARD,NOT_AN_ENCODING_WRITE,NO_CNBE32_WRITE,NO_DATABASE_REBUILD,HUMAN_REVIEW_REQUIRED
8105_full_0101,巨,U+5DE8,101,左三包,⿷匚?,独体字,0,巨,,TOOL_CONFLICT_REVIEW_REQUIRED,USER_SUPPLIED_PROGRAM_AGENT_REFERENCE_NOT_NATIONAL_STANDARD,NOT_AN_ENCODING_WRITE,NO_CNBE32_WRITE,NO_DATABASE_REBUILD,HUMAN_REVIEW_REQUIRED
8105_full_0103,屯,U+5C6F,103,镶嵌,⿻一屮,独体字,0,屯,,TOOL_CONFLICT_REVIEW_REQUIRED,USER_SUPPLIED_PROGRAM_AGENT_REFERENCE_NOT_NATIONAL_STANDARD,NOT_AN_ENCODING_WRITE,NO_CNBE32_WRITE,NO_DATABASE_REBUILD,HUMAN_REVIEW_REQUIRED
8105_full_0106,互,U+4E92,106,全包围,⿴二?,独体字,0,互,,TOOL_CONFLICT_REVIEW_REQUIRED,USER_SUPPLIED_PROGRAM_AGENT_REFERENCE_NOT_NATIONAL_STANDARD,NOT_AN_ENCODING_WRITE,NO_CNBE32_WRITE,NO_DATABASE_REBUILD,HUMAN_REVIEW_REQUIRED
8105_full_0109,止,U+6B62,109,镶嵌,⿻上丨,独体字,0,止,,TOOL_CONFLICT_REVIEW_REQUIRED,USER_SUPPLIED_PROGRAM_AGENT_REFERENCE_NOT_NATIONAL_STANDARD,NOT_AN_ENCODING_WRITE,NO_CNBE32_WRITE,NO_DATABASE_REBUILD,HUMAN_REVIEW_REQUIRED
8105_full_0110,少,U+5C11,110,上下,⿱小丿,独体字,0,少,,TOOL_CONFLICT_REVIEW_REQUIRED,USER_SUPPLIED_PROGRAM_AGENT_REFERENCE_NOT_NATIONAL_STANDARD,NOT_AN_ENCODING_WRITE,NO_CNBE32_WRITE,NO_DATABASE_REBUILD,HUMAN_REVIEW_REQUIRED
8105_full_0111,曰,U+66F0,111,全包围,⿴口一,独体字,0,曰,,TOOL_CONFLICT_REVIEW_REQUIRED,USER_SUPPLIED_PROGRAM_AGENT_REFERENCE_NOT_NATIONAL_STANDARD,NOT_AN_ENCODING_WRITE,NO_CNBE32_WRITE,NO_DATABASE_REBUILD,HUMAN_REVIEW_REQUIRED
8105_full_0112,日,U+65E5,112,全包围,⿴口一,独体字,0,日,,TOOL_CONFLICT_REVIEW_REQUIRED,USER_SUPPLIED_PROGRAM_AGENT_REFERENCE_NOT_NATIONAL_STANDARD,NOT_AN_ENCODING_WRITE,NO_CNBE32_WRITE,NO_DATABASE_REBUILD,HUMAN_REVIEW_REQUIRED
8105_full_0113,中,U+4E2D,113,镶嵌,⿻口丨,独体字,0,中,,TOOL_CONFLICT_REVIEW_REQUIRED,USER_SUPPLIED_PROGRAM_AGENT_REFERENCE_NOT_NATIONAL_STANDARD,NOT_AN_ENCODING_WRITE,NO_CNBE32_WRITE,NO_DATABASE_REBUILD,HUMAN_REVIEW_REQUIRED
8105_full_0114,贝,U+8D1D,114,上三包,⿵冂人,独体字,0,贝,,TOOL_CONFLICT_REVIEW_REQUIRED,USER_SUPPLIED_PROGRAM_AGENT_REFERENCE_NOT_NATIONAL_STANDARD,NOT_AN_ENCODING_WRITE,NO_CNBE32_WRITE,NO_DATABASE_REBUILD,HUMAN_REVIEW_REQUIRED
8105_full_0116,内,U+5185,116,镶嵌,⿻冂人,独体字,0,内,,TOOL_CONFLICT_REVIEW_REQUIRED,USER_SUPPLIED_PROGRAM_AGENT_REFERENCE_NOT_NATIONAL_STANDARD,NOT_AN_ENCODING_WRITE,NO_CNBE32_WRITE,NO_DATABASE_REBUILD,HUMAN_REVIEW_REQUIRED
8105_full_0117,水,U+6C34,117,镶嵌,⿻亅?,独体字,0,水,,TOOL_CONFLICT_REVIEW_REQUIRED,USER_SUPPLIED_PROGRAM_AGENT_REFERENCE_NOT_NATIONAL_STANDARD,NOT_AN_ENCODING_WRITE,NO_CNBE32_WRITE,NO_DATABASE_REBUILD,HUMAN_REVIEW_REQUIRED
8105_full_0118,见,U+89C1,118,上三包,⿵冂儿,独体字,0,见,,TOOL_CONFLICT_REVIEW_REQUIRED,USER_SUPPLIED_PROGRAM_AGENT_REFERENCE_NOT_NATIONAL_STANDARD,NOT_AN_ENCODING_WRITE,NO_CNBE32_WRITE,NO_DATABASE_REBUILD,HUMAN_REVIEW_REQUIRED
8105_full_0119,午,U+5348,119,镶嵌,⿻丿干,独体字,0,午,,TOOL_CONFLICT_REVIEW_REQUIRED,USER_SUPPLIED_PROGRAM_AGENT_REFERENCE_NOT_NATIONAL_STANDARD,NOT_AN_ENCODING_WRITE,NO_CNBE32_WRITE,NO_DATABASE_REBUILD,HUMAN_REVIEW_REQUIRED
8105_full_0122,气,U+6C14,122,上下,⿱亻?,独体字,0,气,,TOOL_CONFLICT_REVIEW_REQUIRED,USER_SUPPLIED_PROGRAM_AGENT_REFERENCE_NOT_NATIONAL_STANDARD,NOT_AN_ENCODING_WRITE,NO_CNBE32_WRITE,NO_DATABASE_REBUILD,HUMAN_REVIEW_REQUIRED
8105_full_0123,毛,U+6BDB,123,镶嵌,⿻乇一,独体字,0,毛,,TOOL_CONFLICT_REVIEW_REQUIRED,USER_SUPPLIED_PROGRAM_AGENT_REFERENCE_NOT_NATIONAL_STANDARD,NOT_AN_ENCODING_WRITE,NO_CNBE32_WRITE,NO_DATABASE_REBUILD,HUMAN_REVIEW_REQUIRED
8105_full_0124,壬,U+58EC,124,上下,⿱丿士,独体字,0,壬,,TOOL_CONFLICT_REVIEW_REQUIRED,USER_SUPPLIED_PROGRAM_AGENT_REFERENCE_NOT_NATIONAL_STANDARD,NOT_AN_ENCODING_WRITE,NO_CNBE32_WRITE,NO_DATABASE_REBUILD,HUMAN_REVIEW_REQUIRED
8105_full_0125,升,U+5347,125,镶嵌,⿻十?,独体字,0,升,,TOOL_CONFLICT_REVIEW_REQUIRED,USER_SUPPLIED_PROGRAM_AGENT_REFERENCE_NOT_NATIONAL_STANDARD,NOT_AN_ENCODING_WRITE,NO_CNBE32_WRITE,NO_DATABASE_REBUILD,HUMAN_REVIEW_REQUIRED
8105_full_0126,夭,U+592D,126,上下,⿱丿大,独体字,0,夭,,TOOL_CONFLICT_REVIEW_REQUIRED,USER_SUPPLIED_PROGRAM_AGENT_REFERENCE_NOT_NATIONAL_STANDARD,NOT_AN_ENCODING_WRITE,NO_CNBE32_WRITE,NO_DATABASE_REBUILD,HUMAN_REVIEW_REQUIRED
8105_full_0127,长,U+957F,127,镶嵌,⿻?一,独体字,0,长,,TOOL_CONFLICT_REVIEW_REQUIRED,USER_SUPPLIED_PROGRAM_AGENT_REFERENCE_NOT_NATIONAL_STANDARD,NOT_AN_ENCODING_WRITE,NO_CNBE32_WRITE,NO_DATABASE_REBUILD,HUMAN_REVIEW_REQUIRED
8105_full_0130,片,U+7247,130,左上包,⿸??,独体字,0,片,,TOOL_CONFLICT_REVIEW_REQUIRED,USER_SUPPLIED_PROGRAM_AGENT_REFERENCE_NOT_NATIONAL_STANDARD,NOT_AN_ENCODING_WRITE,NO_CNBE32_WRITE,NO_DATABASE_REBUILD,HUMAN_REVIEW_REQUIRED
8105_full_0134,币,U+5E01,134,镶嵌,⿻丿巾,上下,1,⿱丿巾,丿 巾,TOOL_CONFLICT_REVIEW_REQUIRED,USER_SUPPLIED_PROGRAM_AGENT_REFERENCE_NOT_NATIONAL_STANDARD,NOT_AN_ENCODING_WRITE,NO_CNBE32_WRITE,NO_DATABASE_REBUILD,HUMAN_REVIEW_REQUIRED
8105_full_0137,斤,U+65A4,137,左上包,⿸厂下,独体字,0,斤,,TOOL_CONFLICT_REVIEW_REQUIRED,USER_SUPPLIED_PROGRAM_AGENT_REFERENCE_NOT_NATIONAL_STANDARD,NOT_AN_ENCODING_WRITE,NO_CNBE32_WRITE,NO_DATABASE_REBUILD,HUMAN_REVIEW_REQUIRED
8105_full_0138,爪,U+722A,138,上三包,⿵?丨,独体字,0,爪,,TOOL_CONFLICT_REVIEW_REQUIRED,USER_SUPPLIED_PROGRAM_AGENT_REFERENCE_NOT_NATIONAL_STANDARD,NOT_AN_ENCODING_WRITE,NO_CNBE32_WRITE,NO_DATABASE_REBUILD,HUMAN_REVIEW_REQUIRED
8105_full_0141,父,U+7236,141,上下,⿱八乂,独体字,0,父,,TOOL_CONFLICT_REVIEW_REQUIRED,USER_SUPPLIED_PROGRAM_AGENT_REFERENCE_NOT_NATIONAL_STANDARD,NOT_AN_ENCODING_WRITE,NO_CNBE32_WRITE,NO_DATABASE_REBUILD,HUMAN_REVIEW_REQUIRED
8105_full_0150,月,U+6708,150,上三包,⿵冂二,独体字,0,月,,TOOL_CONFLICT_REVIEW_REQUIRED,USER_SUPPLIED_PROGRAM_AGENT_REFERENCE_NOT_NATIONAL_STANDARD,NOT_AN_ENCODING_WRITE,NO_CNBE32_WRITE,NO_DATABASE_REBUILD,HUMAN_REVIEW_REQUIRED
8105_full_0152,勿,U+52FF,152,右上包,⿹勹⿰丿丿,独体字,0,勿,,TOOL_CONFLICT_REVIEW_REQUIRED,USER_SUPPLIED_PROGRAM_AGENT_REFERENCE_NOT_NATIONAL_STANDARD,NOT_AN_ENCODING_WRITE,NO_CNBE32_WRITE,NO_DATABASE_REBUILD,HUMAN_REVIEW_REQUIRED
8105_full_0155,丹,U+4E39,155,镶嵌,⿻冂亠,独体字,0,丹,,TOOL_CONFLICT_REVIEW_REQUIRED,USER_SUPPLIED_PROGRAM_AGENT_REFERENCE_NOT_NATIONAL_STANDARD,NOT_AN_ENCODING_WRITE,NO_CNBE32_WRITE,NO_DATABASE_REBUILD,HUMAN_REVIEW_REQUIRED
8105_full_0156,匀,U+5300,156,镶嵌,⿻勹冫,右上包,6,⿹勹冫,勹 冫,TOOL_CONFLICT_REVIEW_REQUIRED,USER_SUPPLIED_PROGRAM_AGENT_REFERENCE_NOT_NATIONAL_STANDARD,NOT_AN_ENCODING_WRITE,NO_CNBE32_WRITE,NO_DATABASE_REBUILD,HUMAN_REVIEW_REQUIRED
8105_full_0157,乌,U+4E4C,157,上下,⿱丿?,独体字,0,乌,,TOOL_CONFLICT_REVIEW_REQUIRED,USER_SUPPLIED_PROGRAM_AGENT_REFERENCE_NOT_NATIONAL_STANDARD,NOT_AN_ENCODING_WRITE,NO_CNBE32_WRITE,NO_DATABASE_REBUILD,HUMAN_REVIEW_REQUIRED
8105_full_0160,六,U+516D,160,上下,⿱亠八,独体字,0,六,,TOOL_CONFLICT_REVIEW_REQUIRED,USER_SUPPLIED_PROGRAM_AGENT_REFERENCE_NOT_NATIONAL_STANDARD,NOT_AN_ENCODING_WRITE,NO_CNBE32_WRITE,NO_DATABASE_REBUILD,HUMAN_REVIEW_REQUIRED
8105_full_0161,文,U+6587,161,上下,⿱亠乂,独体字,0,文,,TOOL_CONFLICT_REVIEW_REQUIRED,USER_SUPPLIED_PROGRAM_AGENT_REFERENCE_NOT_NATIONAL_STANDARD,NOT_AN_ENCODING_WRITE,NO_CNBE32_WRITE,NO_DATABASE_REBUILD,HUMAN_REVIEW_REQUIRED
8105_full_0163,方,U+65B9,163,上下,⿱亠?,独体字,0,方,,TOOL_CONFLICT_REVIEW_REQUIRED,USER_SUPPLIED_PROGRAM_AGENT_REFERENCE_NOT_NATIONAL_STANDARD,NOT_AN_ENCODING_WRITE,NO_CNBE32_WRITE,NO_DATABASE_REBUILD,HUMAN_REVIEW_REQUIRED
8105_full_0164,火,U+706B,164,镶嵌,⿻丷人,独体字,0,火,,TOOL_CONFLICT_REVIEW_REQUIRED,USER_SUPPLIED_PROGRAM_AGENT_REFERENCE_NOT_NATIONAL_STANDARD,NOT_AN_ENCODING_WRITE,NO_CNBE32_WRITE,NO_DATABASE_REBUILD,HUMAN_REVIEW_REQUIRED
8105_full_0165,为,U+4E3A,165,镶嵌,⿻丶⿴力丶,独体字,0,为,,TOOL_CONFLICT_REVIEW_REQUIRED,USER_SUPPLIED_PROGRAM_AGENT_REFERENCE_NOT_NATIONAL_STANDARD,NOT_AN_ENCODING_WRITE,NO_CNBE32_WRITE,NO_DATABASE_REBUILD,HUMAN_REVIEW_REQUIRED
8105_full_0166,斗,U+6597,166,镶嵌,⿻十?,独体字,0,斗,,TOOL_CONFLICT_REVIEW_REQUIRED,USER_SUPPLIED_PROGRAM_AGENT_REFERENCE_NOT_NATIONAL_STANDARD,NOT_AN_ENCODING_WRITE,NO_CNBE32_WRITE,NO_DATABASE_REBUILD,HUMAN_REVIEW_REQUIRED
8105_full_0170,户,U+6237,170,上下,⿱丶尸,独体字,0,户,,TOOL_CONFLICT_REVIEW_REQUIRED,USER_SUPPLIED_PROGRAM_AGENT_REFERENCE_NOT_NATIONAL_STANDARD,NOT_AN_ENCODING_WRITE,NO_CNBE32_WRITE,NO_DATABASE_REBUILD,HUMAN_REVIEW_REQUIRED
8105_full_0175,尺,U+5C3A,175,左上包,⿸尸乚,独体字,0,尺,,TOOL_CONFLICT_REVIEW_REQUIRED,USER_SUPPLIED_PROGRAM_AGENT_REFERENCE_NOT_NATIONAL_STANDARD,NOT_AN_ENCODING_WRITE,NO_CNBE32_WRITE,NO_DATABASE_REBUILD,HUMAN_REVIEW_REQUIRED
8105_full_0177,丑,U+4E11,177,镶嵌,⿻刀二,独体字,0,丑,,TOOL_CONFLICT_REVIEW_REQUIRED,USER_SUPPLIED_PROGRAM_AGENT_REFERENCE_NOT_NATIONAL_STANDARD,NOT_AN_ENCODING_WRITE,NO_CNBE32_WRITE,NO_DATABASE_REBUILD,HUMAN_REVIEW_REQUIRED
8105_full_0178,巴,U+5DF4,178,镶嵌,⿻巳?,独体字,0,巴,,TOOL_CONFLICT_REVIEW_REQUIRED,USER_SUPPLIED_PROGRAM_AGENT_REFERENCE_NOT_NATIONAL_STANDARD,NOT_AN_ENCODING_WRITE,NO_CNBE32_WRITE,NO_DATABASE_REBUILD,HUMAN_REVIEW_REQUIRED
8105_full_0181,办,U+529E,181,镶嵌,⿻力八,独体字,0,办,,TOOL_CONFLICT_REVIEW_REQUIRED,USER_SUPPLIED_PROGRAM_AGENT_REFERENCE_NOT_NATIONAL_STANDARD,NOT_AN_ENCODING_WRITE,NO_CNBE32_WRITE,NO_DATABASE_REBUILD,HUMAN_REVIEW_REQUIRED
8105_full_0184,予,U+4E88,184,上下,⿱?丁,独体字,0,予,,TOOL_CONFLICT_REVIEW_REQUIRED,USER_SUPPLIED_PROGRAM_AGENT_REFERENCE_NOT_NATIONAL_STANDARD,NOT_AN_ENCODING_WRITE,NO_CNBE32_WRITE,NO_DATABASE_REBUILD,HUMAN_REVIEW_REQUIRED
8105_full_0188,书,U+4E66,188,镶嵌,⿻?丨,独体字,0,书,,TOOL_CONFLICT_REVIEW_REQUIRED,USER_SUPPLIED_PROGRAM_AGENT_REFERENCE_NOT_NATIONAL_STANDARD,NOT_AN_ENCODING_WRITE,NO_CNBE32_WRITE,NO_DATABASE_REBUILD,HUMAN_REVIEW_REQUIRED
8105_full_0190,玉,U+7389,190,镶嵌,⿻王丶,独体字,0,玉,,TOOL_CONFLICT_REVIEW_REQUIRED,USER_SUPPLIED_PROGRAM_AGENT_REFERENCE_NOT_NATIONAL_STANDARD,NOT_AN_ENCODING_WRITE,NO_CNBE32_WRITE,NO_DATABASE_REBUILD,HUMAN_REVIEW_REQUIRED
8105_full_0192,未,U+672A,192,镶嵌,⿻一木,独体字,0,未,,TOOL_CONFLICT_REVIEW_REQUIRED,USER_SUPPLIED_PROGRAM_AGENT_REFERENCE_NOT_NATIONAL_STANDARD,NOT_AN_ENCODING_WRITE,NO_CNBE32_WRITE,NO_DATABASE_REBUILD,HUMAN_REVIEW_REQUIRED
8105_full_0193,末,U+672B,193,镶嵌,⿻木一,独体字,0,末,,TOOL_CONFLICT_REVIEW_REQUIRED,USER_SUPPLIED_PROGRAM_AGENT_REFERENCE_NOT_NATIONAL_STANDARD,NOT_AN_ENCODING_WRITE,NO_CNBE32_WRITE,NO_DATABASE_REBUILD,HUMAN_REVIEW_REQUIRED
8105_full_0195,击,U+51FB,195,上下,⿱?凵,独体字,0,击,,TOOL_CONFLICT_REVIEW_REQUIRED,USER_SUPPLIED_PROGRAM_AGENT_REFERENCE_NOT_NATIONAL_STANDARD,NOT_AN_ENCODING_WRITE,NO_CNBE32_WRITE,NO_DATABASE_REBUILD,HUMAN_REVIEW_REQUIRED
8105_full_0198,正,U+6B63,198,上下,⿱一止,独体字,0,正,,TOOL_CONFLICT_REVIEW_REQUIRED,USER_SUPPLIED_PROGRAM_AGENT_REFERENCE_NOT_NATIONAL_STANDARD,NOT_AN_ENCODING_WRITE,NO_CNBE32_WRITE,NO_DATABASE_REBUILD,HUMAN_REVIEW_REQUIRED
8105_full_0205,甘,U+7518,205,上三包,⿵卄二,独体字,0,甘,,TOOL_CONFLICT_REVIEW_REQUIRED,USER_SUPPLIED_PROGRAM_AGENT_REFERENCE_NOT_NATIONAL_STANDARD,NOT_AN_ENCODING_WRITE,NO_CNBE32_WRITE,NO_DATABASE_REBUILD,HUMAN_REVIEW_REQUIRED
8105_full_0206,世,U+4E16,206,镶嵌,⿻廿?,独体字,0,世,,TOOL_CONFLICT_REVIEW_REQUIRED,USER_SUPPLIED_PROGRAM_AGENT_REFERENCE_NOT_NATIONAL_STANDARD,NOT_AN_ENCODING_WRITE,NO_CNBE32_WRITE,NO_DATABASE_REBUILD,HUMAN_REVIEW_REQUIRED
8105_full_0210,本,U+672C,210,镶嵌,⿻木一,独体字,0,本,,TOOL_CONFLICT_REVIEW_REQUIRED,USER_SUPPLIED_PROGRAM_AGENT_REFERENCE_NOT_NATIONAL_STANDARD,NOT_AN_ENCODING_WRITE,NO_CNBE32_WRITE,NO_DATABASE_REBUILD,HUMAN_REVIEW_REQUIRED
8105_full_0211,术,U+672F,211,左下包,⿺木丶,独体字,0,术,,TOOL_CONFLICT_REVIEW_REQUIRED,USER_SUPPLIED_PROGRAM_AGENT_REFERENCE_NOT_NATIONAL_STANDARD,NOT_AN_ENCODING_WRITE,NO_CNBE32_WRITE,NO_DATABASE_REBUILD,HUMAN_REVIEW_REQUIRED
8105_full_0212,可,U+53EF,212,镶嵌,⿻丁口,右上包,6,⿹丁口,丁 口,TOOL_CONFLICT_REVIEW_REQUIRED,USER_SUPPLIED_PROGRAM_AGENT_REFERENCE_NOT_NATIONAL_STANDARD,NOT_AN_ENCODING_WRITE,NO_CNBE32_WRITE,NO_DATABASE_REBUILD,HUMAN_REVIEW_REQUIRED
8105_full_0213,丙,U+4E19,213,上下,⿱一内,独体字,0,丙,,TOOL_CONFLICT_REVIEW_REQUIRED,USER_SUPPLIED_PROGRAM_AGENT_REFERENCE_NOT_NATIONAL_STANDARD,NOT_AN_ENCODING_WRITE,NO_CNBE32_WRITE,NO_DATABASE_REBUILD,HUMAN_REVIEW_REQUIRED
8105_full_0216,石,U+77F3,216,左上包,⿸厂口,独体字,0,石,,TOOL_CONFLICT_REVIEW_REQUIRED,USER_SUPPLIED_PROGRAM_AGENT_REFERENCE_NOT_NATIONAL_STANDARD,NOT_AN_ENCODING_WRITE,NO_CNBE32_WRITE,NO_DATABASE_REBUILD,HUMAN_REVIEW_REQUIRED
8105_full_0220,戊,U+620A,220,左右,⿰丿戈,独体字,0,戊,,TOOL_CONFLICT_REVIEW_REQUIRED,USER_SUPPLIED_PROGRAM_AGENT_REFERENCE_NOT_NATIONAL_STANDARD,NOT_AN_ENCODING_WRITE,NO_CNBE32_WRITE,NO_DATABASE_REBUILD,HUMAN_REVIEW_REQUIRED
8105_full_0221,龙,U+9F99,221,镶嵌,⿻尤丿,独体字,0,龙,,TOOL_CONFLICT_REVIEW_REQUIRED,USER_SUPPLIED_PROGRAM_AGENT_REFERENCE_NOT_NATIONAL_STANDARD,NOT_AN_ENCODING_WRITE,NO_CNBE32_WRITE,NO_DATABASE_REBUILD,HUMAN_REVIEW_REQUIRED
8105_full_0222,平,U+5E73,222,镶嵌,⿻干丷,独体字,0,平,,TOOL_CONFLICT_REVIEW_REQUIRED,USER_SUPPLIED_PROGRAM_AGENT_REFERENCE_NOT_NATIONAL_STANDARD,NOT_AN_ENCODING_WRITE,NO_CNBE32_WRITE,NO_DATABASE_REBUILD,HUMAN_REVIEW_REQUIRED
8105_full_0225,东,U+4E1C,225,镶嵌,⿻七小,独体字,0,东,,TOOL_CONFLICT_REVIEW_REQUIRED,USER_SUPPLIED_PROGRAM_AGENT_REFERENCE_NOT_NATIONAL_STANDARD,NOT_AN_ENCODING_WRITE,NO_CNBE32_WRITE,NO_DATABASE_REBUILD,HUMAN_REVIEW_REQUIRED
8105_full_0226,卡,U+5361,226,上下,⿱上卜,独体字,0,卡,,TOOL_CONFLICT_REVIEW_REQUIRED,USER_SUPPLIED_PROGRAM_AGENT_REFERENCE_NOT_NATIONAL_STANDARD,NOT_AN_ENCODING_WRITE,NO_CNBE32_WRITE,NO_DATABASE_REBUILD,HUMAN_REVIEW_REQUIRED
8105_full_0229,凸,U+51F8,229,上下,⿱⿰??一,独体字,0,凸,,TOOL_CONFLICT_REVIEW_REQUIRED,USER_SUPPLIED_PROGRAM_AGENT_REFERENCE_NOT_NATIONAL_STANDARD,NOT_AN_ENCODING_WRITE,NO_CNBE32_WRITE,NO_DATABASE_REBUILD,HUMAN_REVIEW_REQUIRED
8105_full_0231,业,U+4E1A,231,上下,⿱?一,独体字,0,业,,TOOL_CONFLICT_REVIEW_REQUIRED,USER_SUPPLIED_PROGRAM_AGENT_REFERENCE_NOT_NATIONAL_STANDARD,NOT_AN_ENCODING_WRITE,NO_CNBE32_WRITE,NO_DATABASE_REBUILD,HUMAN_REVIEW_REQUIRED
8105_full_0236,目,U+76EE,236,全包围,⿴口二,独体字,0,目,,TOOL_CONFLICT_REVIEW_REQUIRED,USER_SUPPLIED_PROGRAM_AGENT_REFERENCE_NOT_NATIONAL_STANDARD,NOT_AN_ENCODING_WRITE,NO_CNBE32_WRITE,NO_DATABASE_REBUILD,HUMAN_REVIEW_REQUIRED
8105_full_0237,且,U+4E14,237,上下,⿱月一,独体字,0,且,,TOOL_CONFLICT_REVIEW_REQUIRED,USER_SUPPLIED_PROGRAM_AGENT_REFERENCE_NOT_NATIONAL_STANDARD,NOT_AN_ENCODING_WRITE,NO_CNBE32_WRITE,NO_DATABASE_REBUILD,HUMAN_REVIEW_REQUIRED
8105_full_0239,甲,U+7532,239,镶嵌,⿻冂?,独体字,0,甲,,TOOL_CONFLICT_REVIEW_REQUIRED,USER_SUPPLIED_PROGRAM_AGENT_REFERENCE_NOT_NATIONAL_STANDARD,NOT_AN_ENCODING_WRITE,NO_CNBE32_WRITE,NO_DATABASE_REBUILD,HUMAN_REVIEW_REQUIRED
8105_full_0240,申,U+7533,240,镶嵌,⿻日丨,独体字,0,申,,TOOL_CONFLICT_REVIEW_REQUIRED,USER_SUPPLIED_PROGRAM_AGENT_REFERENCE_NOT_NATIONAL_STANDARD,NOT_AN_ENCODING_WRITE,NO_CNBE32_WRITE,NO_DATABASE_REBUILD,HUMAN_REVIEW_REQUIRED
8105_full_0242,电,U+7535,242,镶嵌,⿻曰乚,独体字,0,电,,TOOL_CONFLICT_REVIEW_REQUIRED,USER_SUPPLIED_PROGRAM_AGENT_REFERENCE_NOT_NATIONAL_STANDARD,NOT_AN_ENCODING_WRITE,NO_CNBE32_WRITE,NO_DATABASE_REBUILD,HUMAN_REVIEW_REQUIRED
8105_full_0244,田,U+7530,244,上三包,⿵冂土,独体字,0,田,,TOOL_CONFLICT_REVIEW_REQUIRED,USER_SUPPLIED_PROGRAM_AGENT_REFERENCE_NOT_NATIONAL_STANDARD,NOT_AN_ENCODING_WRITE,NO_CNBE32_WRITE,NO_DATABASE_REBUILD,HUMAN_REVIEW_REQUIRED
8105_full_0248,史,U+53F2,248,镶嵌,⿻口乂,独体字,0,史,,TOOL_CONFLICT_REVIEW_REQUIRED,USER_SUPPLIED_PROGRAM_AGENT_REFERENCE_NOT_NATIONAL_STANDARD,NOT_AN_ENCODING_WRITE,NO_CNBE32_WRITE,NO_DATABASE_REBUILD,HUMAN_REVIEW_REQUIRED
8105_full_0249,央,U+592E,249,镶嵌,⿻冂大,独体字,0,央,,TOOL_CONFLICT_REVIEW_REQUIRED,USER_SUPPLIED_PROGRAM_AGENT_REFERENCE_NOT_NATIONAL_STANDARD,NOT_AN_ENCODING_WRITE,NO_CNBE32_WRITE,NO_DATABASE_REBUILD,HUMAN_REVIEW_REQUIRED
8105_full_0258,冉,U+5189,258,镶嵌,⿻冂土,独体字,0,冉,,TOOL_CONFLICT_REVIEW_REQUIRED,USER_SUPPLIED_PROGRAM_AGENT_REFERENCE_NOT_NATIONAL_STANDARD,NOT_AN_ENCODING_WRITE,NO_CNBE32_WRITE,NO_DATABASE_REBUILD,HUMAN_REVIEW_REQUIRED
8105_full_0259,皿,U+76BF,259,上下,⿱?一,独体字,0,皿,,TOOL_CONFLICT_REVIEW_REQUIRED,USER_SUPPLIED_PROGRAM_AGENT_REFERENCE_NOT_NATIONAL_STANDARD,NOT_AN_ENCODING_WRITE,NO_CNBE32_WRITE,NO_DATABASE_REBUILD,HUMAN_REVIEW_REQUIRED
8105_full_0260,凹,U+51F9,260,上下,⿱?一,独体字,0,凹,,TOOL_CONFLICT_REVIEW_REQUIRED,USER_SUPPLIED_PROGRAM_AGENT_REFERENCE_NOT_NATIONAL_STANDARD,NOT_AN_ENCODING_WRITE,NO_CNBE32_WRITE,NO_DATABASE_REBUILD,HUMAN_REVIEW_REQUIRED
8105_full_0262,四,U+56DB,262,全包围,⿴囗儿,独体字,0,四,,TOOL_CONFLICT_REVIEW_REQUIRED,USER_SUPPLIED_PROGRAM_AGENT_REFERENCE_NOT_NATIONAL_STANDARD,NOT_AN_ENCODING_WRITE,NO_CNBE32_WRITE,NO_DATABASE_REBUILD,HUMAN_REVIEW_REQUIRED
8105_full_0263,生,U+751F,263,镶嵌,⿻一土,独体字,0,生,,TOOL_CONFLICT_REVIEW_REQUIRED,USER_SUPPLIED_PROGRAM_AGENT_REFERENCE_NOT_NATIONAL_STANDARD,NOT_AN_ENCODING_WRITE,NO_CNBE32_WRITE,NO_DATABASE_REBUILD,HUMAN_REVIEW_REQUIRED
8105_full_0264,矢,U+77E2,264,镶嵌,⿻丿天,独体字,0,矢,,TOOL_CONFLICT_REVIEW_REQUIRED,USER_SUPPLIED_PROGRAM_AGENT_REFERENCE_NOT_NATIONAL_STANDARD,NOT_AN_ENCODING_WRITE,NO_CNBE32_WRITE,NO_DATABASE_REBUILD,HUMAN_REVIEW_REQUIRED
8105_full_0265,失,U+5931,265,镶嵌,⿻丿夫,独体字,0,失,,TOOL_CONFLICT_REVIEW_REQUIRED,USER_SUPPLIED_PROGRAM_AGENT_REFERENCE_NOT_NATIONAL_STANDARD,NOT_AN_ENCODING_WRITE,NO_CNBE32_WRITE,NO_DATABASE_REBUILD,HUMAN_REVIEW_REQUIRED
8105_full_0266,乍,U+4E4D,266,左上包,⿸丿⿻下一,独体字,0,乍,,TOOL_CONFLICT_REVIEW_REQUIRED,USER_SUPPLIED_PROGRAM_AGENT_REFERENCE_NOT_NATIONAL_STANDARD,NOT_AN_ENCODING_WRITE,NO_CNBE32_WRITE,NO_DATABASE_REBUILD,HUMAN_REVIEW_REQUIRED
8105_full_0267,禾,U+79BE,267,上下,⿱丿木,独体字,0,禾,,TOOL_CONFLICT_REVIEW_REQUIRED,USER_SUPPLIED_PROGRAM_AGENT_REFERENCE_NOT_NATIONAL_STANDARD,NOT_AN_ENCODING_WRITE,NO_CNBE32_WRITE,NO_DATABASE_REBUILD,HUMAN_REVIEW_REQUIRED
8105_full_0268,丘,U+4E18,268,上下,⿱斤一,独体字,0,丘,,TOOL_CONFLICT_REVIEW_REQUIRED,USER_SUPPLIED_PROGRAM_AGENT_REFERENCE_NOT_NATIONAL_STANDARD,NOT_AN_ENCODING_WRITE,NO_CNBE32_WRITE,NO_DATABASE_REBUILD,HUMAN_REVIEW_REQUIRED
8105_full_0275,白,U+767D,275,镶嵌,⿻?日,独体字,0,白,,TOOL_CONFLICT_REVIEW_REQUIRED,USER_SUPPLIED_PROGRAM_AGENT_REFERENCE_NOT_NATIONAL_STANDARD,NOT_AN_ENCODING_WRITE,NO_CNBE32_WRITE,NO_DATABASE_REBUILD,HUMAN_REVIEW_REQUIRED
8105_full_0278,斥,U+65A5,278,左上包,⿸斤丶,独体字,0,斥,,TOOL_CONFLICT_REVIEW_REQUIRED,USER_SUPPLIED_PROGRAM_AGENT_REFERENCE_NOT_NATIONAL_STANDARD,NOT_AN_ENCODING_WRITE,NO_CNBE32_WRITE,NO_DATABASE_REBUILD,HUMAN_REVIEW_REQUIRED
8105_full_0279,瓜,U+74DC,279,上三包,⿵?厶,独体字,0,瓜,,TOOL_CONFLICT_REVIEW_REQUIRED,USER_SUPPLIED_PROGRAM_AGENT_REFERENCE_NOT_NATIONAL_STANDARD,NOT_AN_ENCODING_WRITE,NO_CNBE32_WRITE,NO_DATABASE_REBUILD,HUMAN_REVIEW_REQUIRED
8105_full_0280,乎,U+4E4E,280,镶嵌,⿻丿⿻?丷,独体字,0,乎,,TOOL_CONFLICT_REVIEW_REQUIRED,USER_SUPPLIED_PROGRAM_AGENT_REFERENCE_NOT_NATIONAL_STANDARD,NOT_AN_ENCODING_WRITE,NO_CNBE32_WRITE,NO_DATABASE_REBUILD,HUMAN_REVIEW_REQUIRED
8105_full_0283,用,U+7528,283,上三包,⿵冂?,独体字,0,用,,TOOL_CONFLICT_REVIEW_REQUIRED,USER_SUPPLIED_PROGRAM_AGENT_REFERENCE_NOT_NATIONAL_STANDARD,NOT_AN_ENCODING_WRITE,NO_CNBE32_WRITE,NO_DATABASE_REBUILD,HUMAN_REVIEW_REQUIRED
8105_full_0284,甩,U+7529,284,镶嵌,⿻月乚,独体字,0,甩,,TOOL_CONFLICT_REVIEW_REQUIRED,USER_SUPPLIED_PROGRAM_AGENT_REFERENCE_NOT_NATIONAL_STANDARD,NOT_AN_ENCODING_WRITE,NO_CNBE32_WRITE,NO_DATABASE_REBUILD,HUMAN_REVIEW_REQUIRED
8105_full_0287,乐,U+4E50,287,镶嵌,⿻⿱丿?小,独体字,0,乐,,TOOL_CONFLICT_REVIEW_REQUIRED,USER_SUPPLIED_PROGRAM_AGENT_REFERENCE_NOT_NATIONAL_STANDARD,NOT_AN_ENCODING_WRITE,NO_CNBE32_WRITE,NO_DATABASE_REBUILD,HUMAN_REVIEW_REQUIRED
8105_full_0289,匆,U+5306,289,镶嵌,⿻勿丶,独体字,0,匆,,TOOL_CONFLICT_REVIEW_REQUIRED,USER_SUPPLIED_PROGRAM_AGENT_REFERENCE_NOT_NATIONAL_STANDARD,NOT_AN_ENCODING_WRITE,NO_CNBE32_WRITE,NO_DATABASE_REBUILD,HUMAN_REVIEW_REQUIRED
8105_full_0290,册,U+518C,290,镶嵌,⿻⿰冂冂一,独体字,0,册,,TOOL_CONFLICT_REVIEW_REQUIRED,USER_SUPPLIED_PROGRAM_AGENT_REFERENCE_NOT_NATIONAL_STANDARD,NOT_AN_ENCODING_WRITE,NO_CNBE32_WRITE,NO_DATABASE_REBUILD,HUMAN_REVIEW_REQUIRED
8105_full_0300,主,U+4E3B,300,上下,⿱丶王,独体字,0,主,,TOOL_CONFLICT_REVIEW_REQUIRED,USER_SUPPLIED_PROGRAM_AGENT_REFERENCE_NOT_NATIONAL_STANDARD,NOT_AN_ENCODING_WRITE,NO_CNBE32_WRITE,NO_DATABASE_REBUILD,HUMAN_REVIEW_REQUIRED
8105_full_0302,立,U+7ACB,302,上中下,⿳亠丷一,独体字,0,立,,TOOL_CONFLICT_REVIEW_REQUIRED,USER_SUPPLIED_PROGRAM_AGENT_REFERENCE_NOT_NATIONAL_STANDARD,NOT_AN_ENCODING_WRITE,NO_CNBE32_WRITE,NO_DATABASE_REBUILD,HUMAN_REVIEW_REQUIRED
8105_full_0307,半,U+534A,307,镶嵌,⿻丷牛,独体字,0,半,,TOOL_CONFLICT_REVIEW_REQUIRED,USER_SUPPLIED_PROGRAM_AGENT_REFERENCE_NOT_NATIONAL_STANDARD,NOT_AN_ENCODING_WRITE,NO_CNBE32_WRITE,NO_DATABASE_REBUILD,HUMAN_REVIEW_REQUIRED
8105_full_0310,头,U+5934,310,镶嵌,⿻⺀大,独体字,0,头,,TOOL_CONFLICT_REVIEW_REQUIRED,USER_SUPPLIED_PROGRAM_AGENT_REFERENCE_NOT_NATIONAL_STANDARD,NOT_AN_ENCODING_WRITE,NO_CNBE32_WRITE,NO_DATABASE_REBUILD,HUMAN_REVIEW_REQUIRED
8105_full_0321,必,U+5FC5,321,镶嵌,⿻心丿,独体字,0,必,,TOOL_CONFLICT_REVIEW_REQUIRED,USER_SUPPLIED_PROGRAM_AGENT_REFERENCE_NOT_NATIONAL_STANDARD,NOT_AN_ENCODING_WRITE,NO_CNBE32_WRITE,NO_DATABASE_REBUILD,HUMAN_REVIEW_REQUIRED
8105_full_0324,永,U+6C38,324,上下,⿱?水,独体字,0,永,,TOOL_CONFLICT_REVIEW_REQUIRED,USER_SUPPLIED_PROGRAM_AGENT_REFERENCE_NOT_NATIONAL_STANDARD,NOT_AN_ENCODING_WRITE,NO_CNBE32_WRITE,NO_DATABASE_REBUILD,HUMAN_REVIEW_REQUIRED
8105_full_0327,民,U+6C11,327,镶嵌,⿻巳戈,独体字,0,民,,TOOL_CONFLICT_REVIEW_REQUIRED,USER_SUPPLIED_PROGRAM_AGENT_REFERENCE_NOT_NATIONAL_STANDARD,NOT_AN_ENCODING_WRITE,NO_CNBE32_WRITE,NO_DATABASE_REBUILD,HUMAN_REVIEW_REQUIRED
8105_full_0328,弗,U+5F17,328,镶嵌,⿻弓⿰丨丨,独体字,0,弗,,TOOL_CONFLICT_REVIEW_REQUIRED,USER_SUPPLIED_PROGRAM_AGENT_REFERENCE_NOT_NATIONAL_STANDARD,NOT_AN_ENCODING_WRITE,NO_CNBE32_WRITE,NO_DATABASE_REBUILD,HUMAN_REVIEW_REQUIRED
8105_full_0330,出,U+51FA,330,上下,⿱屮凵,独体字,0,出,,TOOL_CONFLICT_REVIEW_REQUIRED,USER_SUPPLIED_PROGRAM_AGENT_REFERENCE_NOT_NATIONAL_STANDARD,NOT_AN_ENCODING_WRITE,NO_CNBE32_WRITE,NO_DATABASE_REBUILD,HUMAN_REVIEW_REQUIRED
8105_full_0360,老,U+8001,360,上下,⿱耂匕,左上包,5,⿸耂匕,耂 匕,TOOL_CONFLICT_REVIEW_REQUIRED,USER_SUPPLIED_PROGRAM_AGENT_REFERENCE_NOT_NATIONAL_STANDARD,NOT_AN_ENCODING_WRITE,NO_CNBE32_WRITE,NO_DATABASE_REBUILD,HUMAN_REVIEW_REQUIRED
8105_full_0369,耳,U+8033,369,镶嵌,⿻?二,独体字,0,耳,,TOOL_CONFLICT_REVIEW_REQUIRED,USER_SUPPLIED_PROGRAM_AGENT_REFERENCE_NOT_NATIONAL_STANDARD,NOT_AN_ENCODING_WRITE,NO_CNBE32_WRITE,NO_DATABASE_REBUILD,HUMAN_REVIEW_REQUIRED
8105_full_0371,共,U+5171,371,上中下,⿳廾一八,上下,1,⿱龷八,龷 八,TOOL_CONFLICT_REVIEW_REQUIRED,USER_SUPPLIED_PROGRAM_AGENT_REFERENCE_NOT_NATIONAL_STANDARD,NOT_AN_ENCODING_WRITE,NO_CNBE32_WRITE,NO_DATABASE_REBUILD,HUMAN_REVIEW_REQUIRED
8105_full_0373,亚,U+4E9A,373,上下,⿱一业,独体字,0,亚,,TOOL_CONFLICT_REVIEW_REQUIRED,USER_SUPPLIED_PROGRAM_AGENT_REFERENCE_NOT_NATIONAL_STANDARD,NOT_AN_ENCODING_WRITE,NO_CNBE32_WRITE,NO_DATABASE_REBUILD,HUMAN_REVIEW_REQUIRED
8105_full_0380,臣,U+81E3,380,左三包,⿷匚⿻⿱丨丨?,独体字,0,臣,,TOOL_CONFLICT_REVIEW_REQUIRED,USER_SUPPLIED_PROGRAM_AGENT_REFERENCE_NOT_NATIONAL_STANDARD,NOT_AN_ENCODING_WRITE,NO_CNBE32_WRITE,NO_DATABASE_REBUILD,HUMAN_REVIEW_REQUIRED
8105_full_0381,吏,U+540F,381,镶嵌,⿻丈口,独体字,0,吏,,TOOL_CONFLICT_REVIEW_REQUIRED,USER_SUPPLIED_PROGRAM_AGENT_REFERENCE_NOT_NATIONAL_STANDARD,NOT_AN_ENCODING_WRITE,NO_CNBE32_WRITE,NO_DATABASE_REBUILD,HUMAN_REVIEW_REQUIRED
8105_full_0382,再,U+518D,382,上下,⿱一冉,独体字,0,再,,TOOL_CONFLICT_REVIEW_REQUIRED,USER_SUPPLIED_PROGRAM_AGENT_REFERENCE_NOT_NATIONAL_STANDARD,NOT_AN_ENCODING_WRITE,NO_CNBE32_WRITE,NO_DATABASE_REBUILD,HUMAN_REVIEW_REQUIRED
8105_full_0384,西,U+897F,384,镶嵌,⿻兀囗,独体字,0,西,,TOOL_CONFLICT_REVIEW_REQUIRED,USER_SUPPLIED_PROGRAM_AGENT_REFERENCE_NOT_NATIONAL_STANDARD,NOT_AN_ENCODING_WRITE,NO_CNBE32_WRITE,NO_DATABASE_REBUILD,HUMAN_REVIEW_REQUIRED
8105_full_0389,百,U+767E,389,上下,⿱一白,独体字,0,百,,TOOL_CONFLICT_REVIEW_REQUIRED,USER_SUPPLIED_PROGRAM_AGENT_REFERENCE_NOT_NATIONAL_STANDARD,NOT_AN_ENCODING_WRITE,NO_CNBE32_WRITE,NO_DATABASE_REBUILD,HUMAN_REVIEW_REQUIRED
8105_full_0393,页,U+9875,393,上下,⿱?贝,独体字,0,页,,TOOL_CONFLICT_REVIEW_REQUIRED,USER_SUPPLIED_PROGRAM_AGENT_REFERENCE_NOT_NATIONAL_STANDARD,NOT_AN_ENCODING_WRITE,NO_CNBE32_WRITE,NO_DATABASE_REBUILD,HUMAN_REVIEW_REQUIRED
8105_full_0401,成,U+6210,401,左右,⿰丁戈,上三包,9,⿵戊𠃌,戊 𠃌,TOOL_CONFLICT_REVIEW_REQUIRED,USER_SUPPLIED_PROGRAM_AGENT_REFERENCE_NOT_NATIONAL_STANDARD,NOT_AN_ENCODING_WRITE,NO_CNBE32_WRITE,NO_DATABASE_REBUILD,HUMAN_REVIEW_REQUIRED
8105_full_0402,夹,U+5939,402,镶嵌,⿻夫丷,独体字,0,夹,,TOOL_CONFLICT_REVIEW_REQUIRED,USER_SUPPLIED_PROGRAM_AGENT_REFERENCE_NOT_NATIONAL_STANDARD,NOT_AN_ENCODING_WRITE,NO_CNBE32_WRITE,NO_DATABASE_REBUILD,HUMAN_REVIEW_REQUIRED
8105_full_0403,夷,U+5937,403,镶嵌,⿻大弓,独体字,0,夷,,TOOL_CONFLICT_REVIEW_REQUIRED,USER_SUPPLIED_PROGRAM_AGENT_REFERENCE_NOT_NATIONAL_STANDARD,NOT_AN_ENCODING_WRITE,NO_CNBE32_WRITE,NO_DATABASE_REBUILD,HUMAN_REVIEW_REQUIRED
8105_full_0423,虫,U+866B,423,上下,⿱中?,独体字,0,虫,,TOOL_CONFLICT_REVIEW_REQUIRED,USER_SUPPLIED_PROGRAM_AGENT_REFERENCE_NOT_NATIONAL_STANDARD,NOT_AN_ENCODING_WRITE,NO_CNBE32_WRITE,NO_DATABASE_REBUILD,HUMAN_REVIEW_REQUIRED
8105_full_0424,曲,U+66F2,424,镶嵌,⿻曰⿰丨丨,独体字,0,曲,,TOOL_CONFLICT_REVIEW_REQUIRED,USER_SUPPLIED_PROGRAM_AGENT_REFERENCE_NOT_NATIONAL_STANDARD,NOT_AN_ENCODING_WRITE,NO_CNBE32_WRITE,NO_DATABASE_REBUILD,HUMAN_REVIEW_REQUIRED
8105_full_0443,肉,U+8089,443,镶嵌,⿻冂仌,独体字,0,肉,,TOOL_CONFLICT_REVIEW_REQUIRED,USER_SUPPLIED_PROGRAM_AGENT_REFERENCE_NOT_NATIONAL_STANDARD,NOT_AN_ENCODING_WRITE,NO_CNBE32_WRITE,NO_DATABASE_REBUILD,HUMAN_REVIEW_REQUIRED
8105_full_0444,年,U+5E74,444,镶嵌,⿻干?,独体字,0,年,,TOOL_CONFLICT_REVIEW_REQUIRED,USER_SUPPLIED_PROGRAM_AGENT_REFERENCE_NOT_NATIONAL_STANDARD,NOT_AN_ENCODING_WRITE,NO_CNBE32_WRITE,NO_DATABASE_REBUILD,HUMAN_REVIEW_REQUIRED
8105_full_0445,朱,U+6731,445,镶嵌,⿻一木,独体字,0,朱,,TOOL_CONFLICT_REVIEW_REQUIRED,USER_SUPPLIED_PROGRAM_AGENT_REFERENCE_NOT_NATIONAL_STANDARD,NOT_AN_ENCODING_WRITE,NO_CNBE32_WRITE,NO_DATABASE_REBUILD,HUMAN_REVIEW_REQUIRED
8105_full_0464,延,U+5EF6,464,上下,⿱丿㢟,左下包,8,⿺廴⿱丿③,廴 ⿱丿③,TOOL_CONFLICT_REVIEW_REQUIRED,USER_SUPPLIED_PROGRAM_AGENT_REFERENCE_NOT_NATIONAL_STANDARD,NOT_AN_ENCODING_WRITE,NO_CNBE32_WRITE,NO_DATABASE_REBUILD,HUMAN_REVIEW_REQUIRED
8105_full_0477,自,U+81EA,477,镶嵌,⿻目?,独体字,0,自,,TOOL_CONFLICT_REVIEW_REQUIRED,USER_SUPPLIED_PROGRAM_AGENT_REFERENCE_NOT_NATIONAL_STANDARD,NOT_AN_ENCODING_WRITE,NO_CNBE32_WRITE,NO_DATABASE_REBUILD,HUMAN_REVIEW_REQUIRED
8105_full_0479,血,U+8840,479,上下,⿱丿皿,独体字,0,血,,TOOL_CONFLICT_REVIEW_REQUIRED,USER_SUPPLIED_PROGRAM_AGENT_REFERENCE_NOT_NATIONAL_STANDARD,NOT_AN_ENCODING_WRITE,NO_CNBE32_WRITE,NO_DATABASE_REBUILD,HUMAN_REVIEW_REQUIRED
8105_full_0484,舟,U+821F,484,镶嵌,⿻??,独体字,0,舟,,TOOL_CONFLICT_REVIEW_REQUIRED,USER_SUPPLIED_PROGRAM_AGENT_REFERENCE_NOT_NATIONAL_STANDARD,NOT_AN_ENCODING_WRITE,NO_CNBE32_WRITE,NO_DATABASE_REBUILD,HUMAN_REVIEW_REQUIRED
8105_full_0499,危,U+5371,499,上下,⿱厃㔾,左上包,5,⿸厃㔾,厃 㔾,TOOL_CONFLICT_REVIEW_REQUIRED,USER_SUPPLIED_PROGRAM_AGENT_REFERENCE_NOT_NATIONAL_STANDARD,NOT_AN_ENCODING_WRITE,NO_CNBE32_WRITE,NO_DATABASE_REBUILD,HUMAN_REVIEW_REQUIRED
8105_full_0505,名,U+540D,505,左上包,⿸夕口,上下,1,⿱夕口,夕 口,TOOL_CONFLICT_REVIEW_REQUIRED,USER_SUPPLIED_PROGRAM_AGENT_REFERENCE_NOT_NATIONAL_STANDARD,NOT_AN_ENCODING_WRITE,NO_CNBE32_WRITE,NO_DATABASE_REBUILD,HUMAN_REVIEW_REQUIRED
8105_full_0516,亦,U+4EA6,516,上下,⿱亠?,独体字,0,亦,,TOOL_CONFLICT_REVIEW_REQUIRED,USER_SUPPLIED_PROGRAM_AGENT_REFERENCE_NOT_NATIONAL_STANDARD,NOT_AN_ENCODING_WRITE,NO_CNBE32_WRITE,NO_DATABASE_REBUILD,HUMAN_REVIEW_REQUIRED
8105_full_0520,衣,U+8863,520,上下,⿱亠?,独体字,0,衣,,TOOL_CONFLICT_REVIEW_REQUIRED,USER_SUPPLIED_PROGRAM_AGENT_REFERENCE_NOT_NATIONAL_STANDARD,NOT_AN_ENCODING_WRITE,NO_CNBE32_WRITE,NO_DATABASE_REBUILD,HUMAN_REVIEW_REQUIRED
8105_full_0522,产,U+4EA7,522,上中下,⿳亠丷厂,独体字,0,产,,TOOL_CONFLICT_REVIEW_REQUIRED,USER_SUPPLIED_PROGRAM_AGENT_REFERENCE_NOT_NATIONAL_STANDARD,NOT_AN_ENCODING_WRITE,NO_CNBE32_WRITE,NO_DATABASE_REBUILD,HUMAN_REVIEW_REQUIRED
8105_full_0524,亥,U+4EA5,524,上下,⿱亠?,独体字,0,亥,,TOOL_CONFLICT_REVIEW_REQUIRED,USER_SUPPLIED_PROGRAM_AGENT_REFERENCE_NOT_NATIONAL_STANDARD,NOT_AN_ENCODING_WRITE,NO_CNBE32_WRITE,NO_DATABASE_REBUILD,HUMAN_REVIEW_REQUIRED
8105_full_0530,羊,U+7F8A,530,上下,⿱丷?,独体字,0,羊,,TOOL_CONFLICT_REVIEW_REQUIRED,USER_SUPPLIED_PROGRAM_AGENT_REFERENCE_NOT_NATIONAL_STANDARD,NOT_AN_ENCODING_WRITE,NO_CNBE32_WRITE,NO_DATABASE_REBUILD,HUMAN_REVIEW_REQUIRED
8105_full_0533,米,U+7C73,533,镶嵌,⿻丷木,独体字,0,米,,TOOL_CONFLICT_REVIEW_REQUIRED,USER_SUPPLIED_PROGRAM_AGENT_REFERENCE_NOT_NATIONAL_STANDARD,NOT_AN_ENCODING_WRITE,NO_CNBE32_WRITE,NO_DATABASE_REBUILD,HUMAN_REVIEW_REQUIRED
8105_full_0535,州,U+5DDE,535,镶嵌,⿻川?,独体字,0,州,,TOOL_CONFLICT_REVIEW_REQUIRED,USER_SUPPLIED_PROGRAM_AGENT_REFERENCE_NOT_NATIONAL_STANDARD,NOT_AN_ENCODING_WRITE,NO_CNBE32_WRITE,NO_DATABASE_REBUILD,HUMAN_REVIEW_REQUIRED
8105_full_0558,农,U+519C,558,镶嵌,⿻冖?,独体字,0,农,,TOOL_CONFLICT_REVIEW_REQUIRED,USER_SUPPLIED_PROGRAM_AGENT_REFERENCE_NOT_NATIONAL_STANDARD,NOT_AN_ENCODING_WRITE,NO_CNBE32_WRITE,NO_DATABASE_REBUILD,HUMAN_REVIEW_REQUIRED
8105_full_0566,尽,U+5C3D,566,上三包,⿵尺⺀,上下,1,⿱尺⺀,尺 ⺀,TOOL_CONFLICT_REVIEW_REQUIRED,USER_SUPPLIED_PROGRAM_AGENT_REFERENCE_NOT_NATIONAL_STANDARD,NOT_AN_ENCODING_WRITE,NO_CNBE32_WRITE,NO_DATABASE_REBUILD,HUMAN_REVIEW_REQUIRED
8105_full_0671,严,U+4E25,671,镶嵌,⿻亚厂,独体字,0,严,,TOOL_CONFLICT_REVIEW_REQUIRED,USER_SUPPLIED_PROGRAM_AGENT_REFERENCE_NOT_NATIONAL_STANDARD,NOT_AN_ENCODING_WRITE,NO_CNBE32_WRITE,NO_DATABASE_REBUILD,HUMAN_REVIEW_REQUIRED
8105_full_0690,求,U+6C42,690,镶嵌,⿻一氺,独体字,0,求,,TOOL_CONFLICT_REVIEW_REQUIRED,USER_SUPPLIED_PROGRAM_AGENT_REFERENCE_NOT_NATIONAL_STANDARD,NOT_AN_ENCODING_WRITE,NO_CNBE32_WRITE,NO_DATABASE_REBUILD,HUMAN_REVIEW_REQUIRED
8105_full_0691,甫,U+752B,691,镶嵌,⿻十用,独体字,0,甫,,TOOL_CONFLICT_REVIEW_REQUIRED,USER_SUPPLIED_PROGRAM_AGENT_REFERENCE_NOT_NATIONAL_STANDARD,NOT_AN_ENCODING_WRITE,NO_CNBE32_WRITE,NO_DATABASE_REBUILD,HUMAN_REVIEW_REQUIRED
8105_full_0693,更,U+66F4,693,上下,⿱一⿻曰乂,独体字,0,更,,TOOL_CONFLICT_REVIEW_REQUIRED,USER_SUPPLIED_PROGRAM_AGENT_REFERENCE_NOT_NATIONAL_STANDARD,NOT_AN_ENCODING_WRITE,NO_CNBE32_WRITE,NO_DATABASE_REBUILD,HUMAN_REVIEW_REQUIRED
8105_full_0694,束,U+675F,694,镶嵌,⿻木口,独体字,0,束,,TOOL_CONFLICT_REVIEW_REQUIRED,USER_SUPPLIED_PROGRAM_AGENT_REFERENCE_NOT_NATIONAL_STANDARD,NOT_AN_ENCODING_WRITE,NO_CNBE32_WRITE,NO_DATABASE_REBUILD,HUMAN_REVIEW_REQUIRED
8105_full_0697,两,U+4E24,697,上下,⿱一⿻冂从,独体字,0,两,,TOOL_CONFLICT_REVIEW_REQUIRED,USER_SUPPLIED_PROGRAM_AGENT_REFERENCE_NOT_NATIONAL_STANDARD,NOT_AN_ENCODING_WRITE,NO_CNBE32_WRITE,NO_DATABASE_REBUILD,HUMAN_REVIEW_REQUIRED
8105_full_0698,酉,U+9149,698,镶嵌,⿻兀日,独体字,0,酉,,TOOL_CONFLICT_REVIEW_REQUIRED,USER_SUPPLIED_PROGRAM_AGENT_REFERENCE_NOT_NATIONAL_STANDARD,NOT_AN_ENCODING_WRITE,NO_CNBE32_WRITE,NO_DATABASE_REBUILD,HUMAN_REVIEW_REQUIRED
8105_full_0707,来,U+6765,707,镶嵌,⿻未丷,独体字,0,来,,TOOL_CONFLICT_REVIEW_REQUIRED,USER_SUPPLIED_PROGRAM_AGENT_REFERENCE_NOT_NATIONAL_STANDARD,NOT_AN_ENCODING_WRITE,NO_CNBE32_WRITE,NO_DATABASE_REBUILD,HUMAN_REVIEW_REQUIRED
8105_full_0711,卤,U+5364,711,上下,⿱⺊⿴囗乂,独体字,0,卤,,TOOL_CONFLICT_REVIEW_REQUIRED,USER_SUPPLIED_PROGRAM_AGENT_REFERENCE_NOT_NATIONAL_STANDARD,NOT_AN_ENCODING_WRITE,NO_CNBE32_WRITE,NO_DATABASE_REBUILD,HUMAN_REVIEW_REQUIRED
8105_full_0721,里,U+91CC,721,上下,⿱田土,独体字,0,里,,TOOL_CONFLICT_REVIEW_REQUIRED,USER_SUPPLIED_PROGRAM_AGENT_REFERENCE_NOT_NATIONAL_STANDARD,NOT_AN_ENCODING_WRITE,NO_CNBE32_WRITE,NO_DATABASE_REBUILD,HUMAN_REVIEW_REQUIRED
8105_full_0736,串,U+4E32,736,镶嵌,⿻⿱口口丨,独体字,0,串,,TOOL_CONFLICT_REVIEW_REQUIRED,USER_SUPPLIED_PROGRAM_AGENT_REFERENCE_NOT_NATIONAL_STANDARD,NOT_AN_ENCODING_WRITE,NO_CNBE32_WRITE,NO_DATABASE_REBUILD,HUMAN_REVIEW_REQUIRED
8105_full_0761,我,U+6211,761,左右,⿰扌戈,独体字,0,我,,TOOL_CONFLICT_REVIEW_REQUIRED,USER_SUPPLIED_PROGRAM_AGENT_REFERENCE_NOT_NATIONAL_STANDARD,NOT_AN_ENCODING_WRITE,NO_CNBE32_WRITE,NO_DATABASE_REBUILD,HUMAN_REVIEW_REQUIRED
8105_full_0790,囱,U+56F1,790,全包围,⿴囗夂,独体字,0,囱,,TOOL_CONFLICT_REVIEW_REQUIRED,USER_SUPPLIED_PROGRAM_AGENT_REFERENCE_NOT_NATIONAL_STANDARD,NOT_AN_ENCODING_WRITE,NO_CNBE32_WRITE,NO_DATABASE_REBUILD,HUMAN_REVIEW_REQUIRED
8105_full_0826,言,U+8A00,826,上下,⿱亠⿱二口,独体字,0,言,,TOOL_CONFLICT_REVIEW_REQUIRED,USER_SUPPLIED_PROGRAM_AGENT_REFERENCE_NOT_NATIONAL_STANDARD,NOT_AN_ENCODING_WRITE,NO_CNBE32_WRITE,NO_DATABASE_REBUILD,HUMAN_REVIEW_REQUIRED
8105_full_0842,弃,U+5F03,842,上中下,⿳亠厶廾,上下,1,⿱𠫓廾,𠫓 廾,TOOL_CONFLICT_REVIEW_REQUIRED,USER_SUPPLIED_PROGRAM_AGENT_REFERENCE_NOT_NATIONAL_STANDARD,NOT_AN_ENCODING_WRITE,NO_CNBE32_WRITE,NO_DATABASE_REBUILD,HUMAN_REVIEW_REQUIRED
8105_full_0854,弟,U+5F1F,854,上下,⿱丷⿻弓?,独体字,0,弟,,TOOL_CONFLICT_REVIEW_REQUIRED,USER_SUPPLIED_PROGRAM_AGENT_REFERENCE_NOT_NATIONAL_STANDARD,NOT_AN_ENCODING_WRITE,NO_CNBE32_WRITE,NO_DATABASE_REBUILD,HUMAN_REVIEW_REQUIRED
8105_full_0907,局,U+5C40,907,上三包,⿵尺口,左上包,5,⿸尸⿹𠃌口,尸 ⿹𠃌口,TOOL_CONFLICT_REVIEW_REQUIRED,USER_SUPPLIED_PROGRAM_AGENT_REFERENCE_NOT_NATIONAL_STANDARD,NOT_AN_ENCODING_WRITE,NO_CNBE32_WRITE,NO_DATABASE_REBUILD,HUMAN_REVIEW_REQUIRED
8105_full_0946,武,U+6B66,946,左上包,⿸一⿹弋止,右上包,6,⿹⿶弋一止,⿶弋一 止,TOOL_CONFLICT_REVIEW_REQUIRED,USER_SUPPLIED_PROGRAM_AGENT_REFERENCE_NOT_NATIONAL_STANDARD,NOT_AN_ENCODING_WRITE,NO_CNBE32_WRITE,NO_DATABASE_REBUILD,HUMAN_REVIEW_REQUIRED
8105_full_1011,直,U+76F4,1011,上中下,⿳十目一,上下,1,⿱十⿴且一,十 ⿴且一,TOOL_CONFLICT_REVIEW_REQUIRED,USER_SUPPLIED_PROGRAM_AGENT_REFERENCE_NOT_NATIONAL_STANDARD,NOT_AN_ENCODING_WRITE,NO_CNBE32_WRITE,NO_DATABASE_REBUILD,HUMAN_REVIEW_REQUIRED
8105_full_1038,事,U+4E8B,1038,镶嵌,⿻⿳一口彐亅,独体字,0,事,,TOOL_CONFLICT_REVIEW_REQUIRED,USER_SUPPLIED_PROGRAM_AGENT_REFERENCE_NOT_NATIONAL_STANDARD,NOT_AN_ENCODING_WRITE,NO_CNBE32_WRITE,NO_DATABASE_REBUILD,HUMAN_REVIEW_REQUIRED
8105_full_1041,雨,U+96E8,1041,镶嵌,⿻帀?,独体字,0,雨,,TOOL_CONFLICT_REVIEW_REQUIRED,USER_SUPPLIED_PROGRAM_AGENT_REFERENCE_NOT_NATIONAL_STANDARD,NOT_AN_ENCODING_WRITE,NO_CNBE32_WRITE,NO_DATABASE_REBUILD,HUMAN_REVIEW_REQUIRED
8105_full_1075,尚,U+5C1A,1075,上三包,⿵⿱⺌冂口,上下,1,⿱⺌冋,⺌ 冋,TOOL_CONFLICT_REVIEW_REQUIRED,USER_SUPPLIED_PROGRAM_AGENT_REFERENCE_NOT_NATIONAL_STANDARD,NOT_AN_ENCODING_WRITE,NO_CNBE32_WRITE,NO_DATABASE_REBUILD,HUMAN_REVIEW_REQUIRED
8105_full_1125,垂,U+5782,1125,镶嵌,⿻⿱?士卄,独体字,0,垂,,TOOL_CONFLICT_REVIEW_REQUIRED,USER_SUPPLIED_PROGRAM_AGENT_REFERENCE_NOT_NATIONAL_STANDARD,NOT_AN_ENCODING_WRITE,NO_CNBE32_WRITE,NO_DATABASE_REBUILD,HUMAN_REVIEW_REQUIRED
8105_full_1134,秉,U+79C9,1134,镶嵌,⿻禾彐,独体字,0,秉,,TOOL_CONFLICT_REVIEW_REQUIRED,USER_SUPPLIED_PROGRAM_AGENT_REFERENCE_NOT_NATIONAL_STANDARD,NOT_AN_ENCODING_WRITE,NO_CNBE32_WRITE,NO_DATABASE_REBUILD,HUMAN_REVIEW_REQUIRED
8105_full_1168,命,U+547D,1168,右上包,⿹令口,上下,1,⿱亼叩,亼 叩,TOOL_CONFLICT_REVIEW_REQUIRED,USER_SUPPLIED_PROGRAM_AGENT_REFERENCE_NOT_NATIONAL_STANDARD,NOT_AN_ENCODING_WRITE,NO_CNBE32_WRITE,NO_DATABASE_REBUILD,HUMAN_REVIEW_REQUIRED
8105_full_1174,受,U+53D7,1174,上中下,⿳爫冖又,上下,1,⿱⿱爫冖又,⿱爫冖 又,TOOL_CONFLICT_REVIEW_REQUIRED,USER_SUPPLIED_PROGRAM_AGENT_REFERENCE_NOT_NATIONAL_STANDARD,NOT_AN_ENCODING_WRITE,NO_CNBE32_WRITE,NO_DATABASE_REBUILD,HUMAN_REVIEW_REQUIRED
8105_full_1194,鱼,U+9C7C,1194,上下,⿱⿱⺈田一,上中下,2,⿳𠂊田一,𠂊 田 一,TOOL_CONFLICT_REVIEW_REQUIRED,USER_SUPPLIED_PROGRAM_AGENT_REFERENCE_NOT_NATIONAL_STANDARD,NOT_AN_ENCODING_WRITE,NO_CNBE32_WRITE,NO_DATABASE_REBUILD,HUMAN_REVIEW_REQUIRED
8105_full_1195,兔,U+5154,1195,左上包,⿸免丶,左三包,7,⿷免丶,免 丶,TOOL_CONFLICT_REVIEW_REQUIRED,USER_SUPPLIED_PROGRAM_AGENT_REFERENCE_NOT_NATIONAL_STANDARD,NOT_AN_ENCODING_WRITE,NO_CNBE32_WRITE,NO_DATABASE_REBUILD,HUMAN_REVIEW_REQUIRED
8105_full_1273,学,U+5B66,1273,上下,⿱⿱⺍冖子,上中下,2,⿳𭕄冖子,𭕄 冖 子,TOOL_CONFLICT_REVIEW_REQUIRED,USER_SUPPLIED_PROGRAM_AGENT_REFERENCE_NOT_NATIONAL_STANDARD,NOT_AN_ENCODING_WRITE,NO_CNBE32_WRITE,NO_DATABASE_REBUILD,HUMAN_REVIEW_REQUIRED
8105_full_1303,肃,U+8083,1303,上下,⿱肀?,独体字,0,肃,,TOOL_CONFLICT_REVIEW_REQUIRED,USER_SUPPLIED_PROGRAM_AGENT_REFERENCE_NOT_NATIONAL_STANDARD,NOT_AN_ENCODING_WRITE,NO_CNBE32_WRITE,NO_DATABASE_REBUILD,HUMAN_REVIEW_REQUIRED
8105_full_1305,隶,U+96B6,1305,上下,⿱彐氺,独体字,0,隶,,TOOL_CONFLICT_REVIEW_REQUIRED,USER_SUPPLIED_PROGRAM_AGENT_REFERENCE_NOT_NATIONAL_STANDARD,NOT_AN_ENCODING_WRITE,NO_CNBE32_WRITE,NO_DATABASE_REBUILD,HUMAN_REVIEW_REQUIRED
8105_full_1306,帚,U+5E1A,1306,上下,⿱彐⿱冖巾,上中下,2,⿳彐冖巾,彐 冖 巾,TOOL_CONFLICT_REVIEW_REQUIRED,USER_SUPPLIED_PROGRAM_AGENT_REFERENCE_NOT_NATIONAL_STANDARD,NOT_AN_ENCODING_WRITE,NO_CNBE32_WRITE,NO_DATABASE_REBUILD,HUMAN_REVIEW_REQUIRED
8105_full_1315,承,U+627F,1315,镶嵌,⿻⿻了三?,独体字,0,承,,TOOL_CONFLICT_REVIEW_REQUIRED,USER_SUPPLIED_PROGRAM_AGENT_REFERENCE_NOT_NATIONAL_STANDARD,NOT_AN_ENCODING_WRITE,NO_CNBE32_WRITE,NO_DATABASE_REBUILD,HUMAN_REVIEW_REQUIRED
8105_full_1333,叁,U+53C1,1333,上下,⿱⿱厶大三,上中下,2,⿳厶大三,厶 大 三,TOOL_CONFLICT_REVIEW_REQUIRED,USER_SUPPLIED_PROGRAM_AGENT_REFERENCE_NOT_NATIONAL_STANDARD,NOT_AN_ENCODING_WRITE,NO_CNBE32_WRITE,NO_DATABASE_REBUILD,HUMAN_REVIEW_REQUIRED
8105_full_1334,参,U+53C2,1334,上下,⿱⿱厶大彡,上中下,2,⿳厶大彡,厶 大 彡,TOOL_CONFLICT_REVIEW_REQUIRED,USER_SUPPLIED_PROGRAM_AGENT_REFERENCE_NOT_NATIONAL_STANDARD,NOT_AN_ENCODING_WRITE,NO_CNBE32_WRITE,NO_DATABASE_REBUILD,HUMAN_REVIEW_REQUIRED
8105_full_1403,革,U+9769,1403,上下,⿱廿?,独体字,0,革,,TOOL_CONFLICT_REVIEW_REQUIRED,USER_SUPPLIED_PROGRAM_AGENT_REFERENCE_NOT_NATIONAL_STANDARD,NOT_AN_ENCODING_WRITE,NO_CNBE32_WRITE,NO_DATABASE_REBUILD,HUMAN_REVIEW_REQUIRED
8105_full_1407,带,U+5E26,1407,上下,⿱卅⿱冖巾,上中下,2,⿳卅冖巾,卅 冖 巾,TOOL_CONFLICT_REVIEW_REQUIRED,USER_SUPPLIED_PROGRAM_AGENT_REFERENCE_NOT_NATIONAL_STANDARD,NOT_AN_ENCODING_WRITE,NO_CNBE32_WRITE,NO_DATABASE_REBUILD,HUMAN_REVIEW_REQUIRED
8105_full_1411,茶,U+8336,1411,上下,⿱艹⿱人木,上中下,2,⿳艹人朩,艹 人 朩,TOOL_CONFLICT_REVIEW_REQUIRED,USER_SUPPLIED_PROGRAM_AGENT_REFERENCE_NOT_NATIONAL_STANDARD,NOT_AN_ENCODING_WRITE,NO_CNBE32_WRITE,NO_DATABASE_REBUILD,HUMAN_REVIEW_REQUIRED
8105_full_1442,柬,U+67EC,1442,镶嵌,⿻束八,独体字,0,柬,,TOOL_CONFLICT_REVIEW_REQUIRED,USER_SUPPLIED_PROGRAM_AGENT_REFERENCE_NOT_NATIONAL_STANDARD,NOT_AN_ENCODING_WRITE,NO_CNBE32_WRITE,NO_DATABASE_REBUILD,HUMAN_REVIEW_REQUIRED
8105_full_1444,威,U+5A01,1444,镶嵌,⿻戌女,上三包,9,⿵戌女,戌 女,TOOL_CONFLICT_REVIEW_REQUIRED,USER_SUPPLIED_PROGRAM_AGENT_REFERENCE_NOT_NATIONAL_STANDARD,NOT_AN_ENCODING_WRITE,NO_CNBE32_WRITE,NO_DATABASE_REBUILD,HUMAN_REVIEW_REQUIRED
8105_full_1455,面,U+9762,1455,上下,⿱??,独体字,0,面,,TOOL_CONFLICT_REVIEW_REQUIRED,USER_SUPPLIED_PROGRAM_AGENT_REFERENCE_NOT_NATIONAL_STANDARD,NOT_AN_ENCODING_WRITE,NO_CNBE32_WRITE,NO_DATABASE_REBUILD,HUMAN_REVIEW_REQUIRED
8105_full_1458,牵,U+7275,1458,上下,⿱大⿱冖牛,上中下,2,⿳大冖牛,大 冖 牛,TOOL_CONFLICT_REVIEW_REQUIRED,USER_SUPPLIED_PROGRAM_AGENT_REFERENCE_NOT_NATIONAL_STANDARD,NOT_AN_ENCODING_WRITE,NO_CNBE32_WRITE,NO_DATABASE_REBUILD,HUMAN_REVIEW_REQUIRED
8105_full_1523,骨,U+9AA8,1523,上三包,⿵冎⺼,上下,1,⿱⑤月,⑤ 月,TOOL_CONFLICT_REVIEW_REQUIRED,USER_SUPPLIED_PROGRAM_AGENT_REFERENCE_NOT_NATIONAL_STANDARD,NOT_AN_ENCODING_WRITE,NO_CNBE32_WRITE,NO_DATABASE_REBUILD,HUMAN_REVIEW_REQUIRED
8105_full_1552,重,U+91CD,1552,镶嵌,⿻千里,独体字,0,重,,TOOL_CONFLICT_REVIEW_REQUIRED,USER_SUPPLIED_PROGRAM_AGENT_REFERENCE_NOT_NATIONAL_STANDARD,NOT_AN_ENCODING_WRITE,NO_CNBE32_WRITE,NO_DATABASE_REBUILD,HUMAN_REVIEW_REQUIRED
8105_full_1553,复,U+590D,1553,上下,⿱亻⿱日夂,上中下,2,⿳𠂉日夂,𠂉 日 夂,TOOL_CONFLICT_REVIEW_REQUIRED,USER_SUPPLIED_PROGRAM_AGENT_REFERENCE_NOT_NATIONAL_STANDARD,NOT_AN_ENCODING_WRITE,NO_CNBE32_WRITE,NO_DATABASE_REBUILD,HUMAN_REVIEW_REQUIRED
8105_full_1560,修,U+4FEE,1560,上下,⿱攸彡,左右,3,⿰⿰亻丨⿱夂彡,⿰亻丨 ⿱夂彡,TOOL_CONFLICT_REVIEW_REQUIRED,USER_SUPPLIED_PROGRAM_AGENT_REFERENCE_NOT_NATIONAL_STANDARD,NOT_AN_ENCODING_WRITE,NO_CNBE32_WRITE,NO_DATABASE_REBUILD,HUMAN_REVIEW_REQUIRED
8105_full_1573,鬼,U+9B3C,1573,左上包,⿸?⿺乚厶,独体字,0,鬼,,TOOL_CONFLICT_REVIEW_REQUIRED,USER_SUPPLIED_PROGRAM_AGENT_REFERENCE_NOT_NATIONAL_STANDARD,NOT_AN_ENCODING_WRITE,NO_CNBE32_WRITE,NO_DATABASE_REBUILD,HUMAN_REVIEW_REQUIRED
8105_full_1575,禹,U+79B9,1575,镶嵌,⿻?禸,独体字,0,禹,,TOOL_CONFLICT_REVIEW_REQUIRED,USER_SUPPLIED_PROGRAM_AGENT_REFERENCE_NOT_NATIONAL_STANDARD,NOT_AN_ENCODING_WRITE,NO_CNBE32_WRITE,NO_DATABASE_REBUILD,HUMAN_REVIEW_REQUIRED
8105_full_1605,狱,U+72F1,1605,左右,⿰犭⿰讠犬,左中右,4,⿲犭讠犬,犭 讠 犬,TOOL_CONFLICT_REVIEW_REQUIRED,USER_SUPPLIED_PROGRAM_AGENT_REFERENCE_NOT_NATIONAL_STANDARD,NOT_AN_ENCODING_WRITE,NO_CNBE32_WRITE,NO_DATABASE_REBUILD,HUMAN_REVIEW_REQUIRED
8105_full_1619,哀,U+54C0,1619,镶嵌,⿻衣口,上中下,2,⿳亠口𧘇,亠 口 𧘇,TOOL_CONFLICT_REVIEW_REQUIRED,USER_SUPPLIED_PROGRAM_AGENT_REFERENCE_NOT_NATIONAL_STANDARD,NOT_AN_ENCODING_WRITE,NO_CNBE32_WRITE,NO_DATABASE_REBUILD,HUMAN_REVIEW_REQUIRED
8105_full_1621,亮,U+4EAE,1621,上中下,⿳亠口⿱冖几,上下,1,⿱⿳亠口冖几,⿳亠口 冖 几,TOOL_CONFLICT_REVIEW_REQUIRED,USER_SUPPLIED_PROGRAM_AGENT_REFERENCE_NOT_NATIONAL_STANDARD,NOT_AN_ENCODING_WRITE,NO_CNBE32_WRITE,NO_DATABASE_REBUILD,HUMAN_REVIEW_REQUIRED
8105_full_1641,养,U+517B,1641,上下,⿱羊儿,上中下,2,⿳䒑夫⿰丿丨,䒑 夫 ⿰丿丨,TOOL_CONFLICT_REVIEW_REQUIRED,USER_SUPPLIED_PROGRAM_AGENT_REFERENCE_NOT_NATIONAL_STANDARD,NOT_AN_ENCODING_WRITE,NO_CNBE32_WRITE,NO_DATABASE_REBUILD,HUMAN_REVIEW_REQUIRED
8105_full_1651,首,U+9996,1651,上下,⿱丷自,独体字,0,首,,TOOL_CONFLICT_REVIEW_REQUIRED,USER_SUPPLIED_PROGRAM_AGENT_REFERENCE_NOT_NATIONAL_STANDARD,NOT_AN_ENCODING_WRITE,NO_CNBE32_WRITE,NO_DATABASE_REBUILD,HUMAN_REVIEW_REQUIRED
8105_full_1653,兹,U+5179,1653,上中下,⿳八一⿰幺幺,上下,1,⿱䒑𢆶,䒑 𢆶,TOOL_CONFLICT_REVIEW_REQUIRED,USER_SUPPLIED_PROGRAM_AGENT_REFERENCE_NOT_NATIONAL_STANDARD,NOT_AN_ENCODING_WRITE,NO_CNBE32_WRITE,NO_DATABASE_REBUILD,HUMAN_REVIEW_REQUIRED
8105_full_1654,总,U+603B,1654,上中下,⿳丷口心,上下,1,⿱𠮦心,𠮦 心,TOOL_CONFLICT_REVIEW_REQUIRED,USER_SUPPLIED_PROGRAM_AGENT_REFERENCE_NOT_NATIONAL_STANDARD,NOT_AN_ENCODING_WRITE,NO_CNBE32_WRITE,NO_DATABASE_REBUILD,HUMAN_REVIEW_REQUIRED
8105_full_1723,昼,U+663C,1723,上三包,⿵尺旦,上下,1,⿱尺旦,尺 旦,TOOL_CONFLICT_REVIEW_REQUIRED,USER_SUPPLIED_PROGRAM_AGENT_REFERENCE_NOT_NATIONAL_STANDARD,NOT_AN_ENCODING_WRITE,NO_CNBE32_WRITE,NO_DATABASE_REBUILD,HUMAN_REVIEW_REQUIRED
8105_full_1799,袁,U+8881,1799,镶嵌,⿻衣口,上下,1,⿱𠮷𧘇,𠮷 𧘇,TOOL_CONFLICT_REVIEW_REQUIRED,USER_SUPPLIED_PROGRAM_AGENT_REFERENCE_NOT_NATIONAL_STANDARD,NOT_AN_ENCODING_WRITE,NO_CNBE32_WRITE,NO_DATABASE_REBUILD,HUMAN_REVIEW_REQUIRED
8105_full_1812,壶,U+58F6,1812,上下,⿱士⿱冖业,上中下,2,⿳士冖业,士 冖 业,TOOL_CONFLICT_REVIEW_REQUIRED,USER_SUPPLIED_PROGRAM_AGENT_REFERENCE_NOT_NATIONAL_STANDARD,NOT_AN_ENCODING_WRITE,NO_CNBE32_WRITE,NO_DATABASE_REBUILD,HUMAN_REVIEW_REQUIRED
8105_full_1860,辱,U+8FB1,1860,左上包,⿸辰寸,上下,1,⿱辰寸,辰 寸,TOOL_CONFLICT_REVIEW_REQUIRED,USER_SUPPLIED_PROGRAM_AGENT_REFERENCE_NOT_NATIONAL_STANDARD,NOT_AN_ENCODING_WRITE,NO_CNBE32_WRITE,NO_DATABASE_REBUILD,HUMAN_REVIEW_REQUIRED
8105_full_1862,夏,U+590F,1862,上中下,⿳一自夂,上下,1,⿱𦣻夂,𦣻 夂,TOOL_CONFLICT_REVIEW_REQUIRED,USER_SUPPLIED_PROGRAM_AGENT_REFERENCE_NOT_NATIONAL_STANDARD,NOT_AN_ENCODING_WRITE,NO_CNBE32_WRITE,NO_DATABASE_REBUILD,HUMAN_REVIEW_REQUIRED
8105_full_1885,党,U+515A,1885,镶嵌,⿻尚兄,上下,1,⿱龸兄,龸 兄,TOOL_CONFLICT_REVIEW_REQUIRED,USER_SUPPLIED_PROGRAM_AGENT_REFERENCE_NOT_NATIONAL_STANDARD,NOT_AN_ENCODING_WRITE,NO_CNBE32_WRITE,NO_DATABASE_REBUILD,HUMAN_REVIEW_REQUIRED
8105_full_2006,卿,U+537F,2006,全包围,⿴卯?,左中右,4,⿲𠂎⑤卩,𠂎 ⑤ 卩,TOOL_CONFLICT_REVIEW_REQUIRED,USER_SUPPLIED_PROGRAM_AGENT_REFERENCE_NOT_NATIONAL_STANDARD,NOT_AN_ENCODING_WRITE,NO_CNBE32_WRITE,NO_DATABASE_REBUILD,HUMAN_REVIEW_REQUIRED
8105_full_2019,衰,U+8870,2019,镶嵌,⿻衣⿻口一,上中下,2,⿳亠⿻口一𧘇,亠 ⿻口一 𧘇,TOOL_CONFLICT_REVIEW_REQUIRED,USER_SUPPLIED_PROGRAM_AGENT_REFERENCE_NOT_NATIONAL_STANDARD,NOT_AN_ENCODING_WRITE,NO_CNBE32_WRITE,NO_DATABASE_REBUILD,HUMAN_REVIEW_REQUIRED
8105_full_2020,衷,U+8877,2020,镶嵌,⿻衣中,上中下,2,⿳亠中𧘇,亠 中 𧘇,TOOL_CONFLICT_REVIEW_REQUIRED,USER_SUPPLIED_PROGRAM_AGENT_REFERENCE_NOT_NATIONAL_STANDARD,NOT_AN_ENCODING_WRITE,NO_CNBE32_WRITE,NO_DATABASE_REBUILD,HUMAN_REVIEW_REQUIRED
8105_full_2056,兼,U+517C,2056,上下,⿱丷⿱彐⿰禾禾,独体字,0,兼,,TOOL_CONFLICT_REVIEW_REQUIRED,USER_SUPPLIED_PROGRAM_AGENT_REFERENCE_NOT_NATIONAL_STANDARD,NOT_AN_ENCODING_WRITE,NO_CNBE32_WRITE,NO_DATABASE_REBUILD,HUMAN_REVIEW_REQUIRED
8105_full_2121,冥,U+51A5,2121,上中下,⿳冖日六,上下,1,⿱冖昗,冖 昗,TOOL_CONFLICT_REVIEW_REQUIRED,USER_SUPPLIED_PROGRAM_AGENT_REFERENCE_NOT_NATIONAL_STANDARD,NOT_AN_ENCODING_WRITE,NO_CNBE32_WRITE,NO_DATABASE_REBUILD,HUMAN_REVIEW_REQUIRED
8105_full_2169,焉,U+7109,2169,上中下,⿳正?灬,上下,1,⿱正⿹②灬,正 ⿹②灬,TOOL_CONFLICT_REVIEW_REQUIRED,USER_SUPPLIED_PROGRAM_AGENT_REFERENCE_NOT_NATIONAL_STANDARD,NOT_AN_ENCODING_WRITE,NO_CNBE32_WRITE,NO_DATABASE_REBUILD,HUMAN_REVIEW_REQUIRED
8105_full_2201,黄,U+9EC4,2201,上下,⿱?⿱由八,上中下,2,⿳龷由八,龷 由 八,TOOL_CONFLICT_REVIEW_REQUIRED,USER_SUPPLIED_PROGRAM_AGENT_REFERENCE_NOT_NATIONAL_STANDARD,NOT_AN_ENCODING_WRITE,NO_CNBE32_WRITE,NO_DATABASE_REBUILD,HUMAN_REVIEW_REQUIRED
8105_full_2268,曼,U+66FC,2268,上下,⿱日⿱罒又,上中下,2,⿳日罒又,日 罒 又,TOOL_CONFLICT_REVIEW_REQUIRED,USER_SUPPLIED_PROGRAM_AGENT_REFERENCE_NOT_NATIONAL_STANDARD,NOT_AN_ENCODING_WRITE,NO_CNBE32_WRITE,NO_DATABASE_REBUILD,HUMAN_REVIEW_REQUIRED
8105_full_2342,衔,U+8854,2342,镶嵌,⿻行钅,左中右,4,⿲彳钅亍,彳 钅 亍,TOOL_CONFLICT_REVIEW_REQUIRED,USER_SUPPLIED_PROGRAM_AGENT_REFERENCE_NOT_NATIONAL_STANDARD,NOT_AN_ENCODING_WRITE,NO_CNBE32_WRITE,NO_DATABASE_REBUILD,HUMAN_REVIEW_REQUIRED
8105_full_2361,象,U+8C61,2361,上中下,⿳⺈口豕,独体字,0,象,,TOOL_CONFLICT_REVIEW_REQUIRED,USER_SUPPLIED_PROGRAM_AGENT_REFERENCE_NOT_NATIONAL_STANDARD,NOT_AN_ENCODING_WRITE,NO_CNBE32_WRITE,NO_DATABASE_REBUILD,HUMAN_REVIEW_REQUIRED
8105_full_2407,兽,U+517D,2407,上下,⿱⿱丷田⿱一口,上中下,2,⿳𬎿一口,𬎿 一 口,TOOL_CONFLICT_REVIEW_REQUIRED,USER_SUPPLIED_PROGRAM_AGENT_REFERENCE_NOT_NATIONAL_STANDARD,NOT_AN_ENCODING_WRITE,NO_CNBE32_WRITE,NO_DATABASE_REBUILD,HUMAN_REVIEW_REQUIRED
8105_full_2537,壹,U+58F9,2537,上下,⿱士⿱冖豆,上中下,2,⿳士冖豆,士 冖 豆,TOOL_CONFLICT_REVIEW_REQUIRED,USER_SUPPLIED_PROGRAM_AGENT_REFERENCE_NOT_NATIONAL_STANDARD,NOT_AN_ENCODING_WRITE,NO_CNBE32_WRITE,NO_DATABASE_REBUILD,HUMAN_REVIEW_REQUIRED
8105_full_2548,葬,U+846C,2548,上下,⿱艹⿱死廾,上中下,2,⿳艹死廾,艹 死 廾,TOOL_CONFLICT_REVIEW_REQUIRED,USER_SUPPLIED_PROGRAM_AGENT_REFERENCE_NOT_NATIONAL_STANDARD,NOT_AN_ENCODING_WRITE,NO_CNBE32_WRITE,NO_DATABASE_REBUILD,HUMAN_REVIEW_REQUIRED
8105_full_2702,街,U+8857,2702,镶嵌,⿻行圭,左中右,4,⿲彳圭亍,彳 圭 亍,TOOL_CONFLICT_REVIEW_REQUIRED,USER_SUPPLIED_PROGRAM_AGENT_REFERENCE_NOT_NATIONAL_STANDARD,NOT_AN_ENCODING_WRITE,NO_CNBE32_WRITE,NO_DATABASE_REBUILD,HUMAN_REVIEW_REQUIRED
8105_full_2747,曾,U+66FE,2747,上中下,⿳丷?日,上下,1,⿱丷𭥴,丷 𭥴,TOOL_CONFLICT_REVIEW_REQUIRED,USER_SUPPLIED_PROGRAM_AGENT_REFERENCE_NOT_NATIONAL_STANDARD,NOT_AN_ENCODING_WRITE,NO_CNBE32_WRITE,NO_DATABASE_REBUILD,HUMAN_REVIEW_REQUIRED
8105_full_2958,鼠,U+9F20,2958,上下,⿱臼?,独体字,0,鼠,,TOOL_CONFLICT_REVIEW_REQUIRED,USER_SUPPLIED_PROGRAM_AGENT_REFERENCE_NOT_NATIONAL_STANDARD,NOT_AN_ENCODING_WRITE,NO_CNBE32_WRITE,NO_DATABASE_REBUILD,HUMAN_REVIEW_REQUIRED
8105_full_2964,衙,U+8859,2964,镶嵌,⿻行吾,左中右,4,⿲彳吾亍,彳 吾 亍,TOOL_CONFLICT_REVIEW_REQUIRED,USER_SUPPLIED_PROGRAM_AGENT_REFERENCE_NOT_NATIONAL_STANDARD,NOT_AN_ENCODING_WRITE,NO_CNBE32_WRITE,NO_DATABASE_REBUILD,HUMAN_REVIEW_REQUIRED
8105_full_2965,微,U+5FAE,2965,左中右,⿲彳⿱山兀攵,左右,3,⿰彳𢼸,彳 𢼸,TOOL_CONFLICT_REVIEW_REQUIRED,USER_SUPPLIED_PROGRAM_AGENT_REFERENCE_NOT_NATIONAL_STANDARD,NOT_AN_ENCODING_WRITE,NO_CNBE32_WRITE,NO_DATABASE_REBUILD,HUMAN_REVIEW_REQUIRED
8105_full_2975,腾,U+817E,2975,左上包,⿸朕马,左右,3,⿰月⿱龹马,月 ⿱龹马,TOOL_CONFLICT_REVIEW_REQUIRED,USER_SUPPLIED_PROGRAM_AGENT_REFERENCE_NOT_NATIONAL_STANDARD,NOT_AN_ENCODING_WRITE,NO_CNBE32_WRITE,NO_DATABASE_REBUILD,HUMAN_REVIEW_REQUIRED
8105_full_2987,禀,U+7980,2987,上中下,⿳亠回示,上下,1,⿱㐭示,㐭 示,TOOL_CONFLICT_REVIEW_REQUIRED,USER_SUPPLIED_PROGRAM_AGENT_REFERENCE_NOT_NATIONAL_STANDARD,NOT_AN_ENCODING_WRITE,NO_CNBE32_WRITE,NO_DATABASE_REBUILD,HUMAN_REVIEW_REQUIRED
8105_full_3059,截,U+622A,3059,镶嵌,⿻⿱十隹戈,右上包,6,⿹𢦏隹,𢦏 隹,TOOL_CONFLICT_REVIEW_REQUIRED,USER_SUPPLIED_PROGRAM_AGENT_REFERENCE_NOT_NATIONAL_STANDARD,NOT_AN_ENCODING_WRITE,NO_CNBE32_WRITE,NO_DATABASE_REBUILD,HUMAN_REVIEW_REQUIRED
8105_full_3139,裹,U+88F9,3139,镶嵌,⿻衣果,上中下,2,⿳亠果𧘇,亠 果 𧘇,TOOL_CONFLICT_REVIEW_REQUIRED,USER_SUPPLIED_PROGRAM_AGENT_REFERENCE_NOT_NATIONAL_STANDARD,NOT_AN_ENCODING_WRITE,NO_CNBE32_WRITE,NO_DATABASE_REBUILD,HUMAN_REVIEW_REQUIRED
8105_full_3171,寨,U+5BE8,3171,上中下,⿳宀?木,上下,1,⿱𡨄木,𡨄 木,TOOL_CONFLICT_REVIEW_REQUIRED,USER_SUPPLIED_PROGRAM_AGENT_REFERENCE_NOT_NATIONAL_STANDARD,NOT_AN_ENCODING_WRITE,NO_CNBE32_WRITE,NO_DATABASE_REBUILD,HUMAN_REVIEW_REQUIRED
8105_full_3173,寡,U+5BE1,3173,上下,⿱宀⿱頁刀,上中下,2,⿳宀⿱丆且分,宀 ⿱丆且 分,TOOL_CONFLICT_REVIEW_REQUIRED,USER_SUPPLIED_PROGRAM_AGENT_REFERENCE_NOT_NATIONAL_STANDARD,NOT_AN_ENCODING_WRITE,NO_CNBE32_WRITE,NO_DATABASE_REBUILD,HUMAN_REVIEW_REQUIRED
8105_full_3233,题,U+9898,3233,左下包,⿺是页,左上包,5,⿸是页,是 页,TOOL_CONFLICT_REVIEW_REQUIRED,USER_SUPPLIED_PROGRAM_AGENT_REFERENCE_NOT_NATIONAL_STANDARD,NOT_AN_ENCODING_WRITE,NO_CNBE32_WRITE,NO_DATABASE_REBUILD,HUMAN_REVIEW_REQUIRED
8105_full_3262,黎,U+9ECE,3262,左右,⿰黍?,上下,1,⿱𥝢⿱人氺,𥝢 ⿱人氺,TOOL_CONFLICT_REVIEW_REQUIRED,USER_SUPPLIED_PROGRAM_AGENT_REFERENCE_NOT_NATIONAL_STANDARD,NOT_AN_ENCODING_WRITE,NO_CNBE32_WRITE,NO_DATABASE_REBUILD,HUMAN_REVIEW_REQUIRED
8105_full_3280,褒,U+8912,3280,镶嵌,⿻衣保,上中下,2,⿳亠保𧘇,亠 保 𧘇,TOOL_CONFLICT_REVIEW_REQUIRED,USER_SUPPLIED_PROGRAM_AGENT_REFERENCE_NOT_NATIONAL_STANDARD,NOT_AN_ENCODING_WRITE,NO_CNBE32_WRITE,NO_DATABASE_REBUILD,HUMAN_REVIEW_REQUIRED
8105_full_3297,澈,U+6F88,3297,左右,⿰氵⿰育攵,左中右,4,⿲氵育攵,氵 育 攵,TOOL_CONFLICT_REVIEW_REQUIRED,USER_SUPPLIED_PROGRAM_AGENT_REFERENCE_NOT_NATIONAL_STANDARD,NOT_AN_ENCODING_WRITE,NO_CNBE32_WRITE,NO_DATABASE_REBUILD,HUMAN_REVIEW_REQUIRED
8105_full_3319,燕,U+71D5,3319,上下,⿱⿱廿⿻口北灬,上中下,2,⿳廿⿴北口灬,廿 ⿴北口 灬,TOOL_CONFLICT_REVIEW_REQUIRED,USER_SUPPLIED_PROGRAM_AGENT_REFERENCE_NOT_NATIONAL_STANDARD,NOT_AN_ENCODING_WRITE,NO_CNBE32_WRITE,NO_DATABASE_REBUILD,HUMAN_REVIEW_REQUIRED
8105_full_3329,噩,U+5669,3329,镶嵌,⿻王⿱⿰口口⿰口口,上下,1,⿱⿻干㗊一,⿻干㗊 一,TOOL_CONFLICT_REVIEW_REQUIRED,USER_SUPPLIED_PROGRAM_AGENT_REFERENCE_NOT_NATIONAL_STANDARD,NOT_AN_ENCODING_WRITE,NO_CNBE32_WRITE,NO_DATABASE_REBUILD,HUMAN_REVIEW_REQUIRED
8105_full_3363,衡,U+8861,3363,镶嵌,⿻行⿱角大,左中右,4,⿲彳𩵋亍,彳 𩵋 亍,TOOL_CONFLICT_REVIEW_REQUIRED,USER_SUPPLIED_PROGRAM_AGENT_REFERENCE_NOT_NATIONAL_STANDARD,NOT_AN_ENCODING_WRITE,NO_CNBE32_WRITE,NO_DATABASE_REBUILD,HUMAN_REVIEW_REQUIRED
8105_full_3388,戴,U+6234,3388,镶嵌,⿻⿱十異戈,右上包,6,⿹𢦏異,𢦏 異,TOOL_CONFLICT_REVIEW_REQUIRED,USER_SUPPLIED_PROGRAM_AGENT_REFERENCE_NOT_NATIONAL_STANDARD,NOT_AN_ENCODING_WRITE,NO_CNBE32_WRITE,NO_DATABASE_REBUILD,HUMAN_REVIEW_REQUIRED
8105_full_3420,徽,U+5FBD,3420,左中右,⿲彳⿱山系攵,左右,3,⿰彳𢾰,彳 𢾰,TOOL_CONFLICT_REVIEW_REQUIRED,USER_SUPPLIED_PROGRAM_AGENT_REFERENCE_NOT_NATIONAL_STANDARD,NOT_AN_ENCODING_WRITE,NO_CNBE32_WRITE,NO_DATABASE_REBUILD,HUMAN_REVIEW_REQUIRED
8105_full_3421,爵,U+7235,3421,上下,⿱爫⿱罒⿰良寸,上中下,2,⿳爫罒𡬠,爫 罒 𡬠,TOOL_CONFLICT_REVIEW_REQUIRED,USER_SUPPLIED_PROGRAM_AGENT_REFERENCE_NOT_NATIONAL_STANDARD,NOT_AN_ENCODING_WRITE,NO_CNBE32_WRITE,NO_DATABASE_REBUILD,HUMAN_REVIEW_REQUIRED
8105_full_3496,囊,U+56CA,3496,上下,⿱⿻口?襄,上中下,2,⿳⿻一中冖⿱⿱吅𠀎𧘇,⿻一中 冖 ⿱⿱吅𠀎𧘇,TOOL_CONFLICT_REVIEW_REQUIRED,USER_SUPPLIED_PROGRAM_AGENT_REFERENCE_NOT_NATIONAL_STANDARD,NOT_AN_ENCODING_WRITE,NO_CNBE32_WRITE,NO_DATABASE_REBUILD,HUMAN_REVIEW_REQUIRED
8105_full_3504,弋,U+5F0B,3504,独体字,弋,左下包,8,⿺𫠠丶,𫠠 丶,TOOL_CONFLICT_REVIEW_REQUIRED,USER_SUPPLIED_PROGRAM_AGENT_REFERENCE_NOT_NATIONAL_STANDARD,NOT_AN_ENCODING_WRITE,NO_CNBE32_WRITE,NO_DATABASE_REBUILD,HUMAN_REVIEW_REQUIRED
8105_full_3507,幺,U+5E7A,3507,独体字,幺,左右,3,⿰②丶,② 丶,TOOL_CONFLICT_REVIEW_REQUIRED,USER_SUPPLIED_PROGRAM_AGENT_REFERENCE_NOT_NATIONAL_STANDARD,NOT_AN_ENCODING_WRITE,NO_CNBE32_WRITE,NO_DATABASE_REBUILD,HUMAN_REVIEW_REQUIRED
8105_full_3585,亘,U+4E98,3585,镶嵌,⿻二日,上下,1,⿱一旦,一 旦,TOOL_CONFLICT_REVIEW_REQUIRED,USER_SUPPLIED_PROGRAM_AGENT_REFERENCE_NOT_NATIONAL_STANDARD,NOT_AN_ENCODING_WRITE,NO_CNBE32_WRITE,NO_DATABASE_REBUILD,HUMAN_REVIEW_REQUIRED
8105_full_3611,囟,U+56DF,3611,上下,⿱丿⿴囗乂,独体字,0,囟,,TOOL_CONFLICT_REVIEW_REQUIRED,USER_SUPPLIED_PROGRAM_AGENT_REFERENCE_NOT_NATIONAL_STANDARD,NOT_AN_ENCODING_WRITE,NO_CNBE32_WRITE,NO_DATABASE_REBUILD,HUMAN_REVIEW_REQUIRED
8105_full_3620,凫,U+51EB,3620,上下,⿱鸟几,右上包,6,⿹④几,④ 几,TOOL_CONFLICT_REVIEW_REQUIRED,USER_SUPPLIED_PROGRAM_AGENT_REFERENCE_NOT_NATIONAL_STANDARD,NOT_AN_ENCODING_WRITE,NO_CNBE32_WRITE,NO_DATABASE_REBUILD,HUMAN_REVIEW_REQUIRED
8105_full_3635,聿,U+807F,3635,上下,⿱肀?,镶嵌,12,⿻肀二,肀 二,TOOL_CONFLICT_REVIEW_REQUIRED,USER_SUPPLIED_PROGRAM_AGENT_REFERENCE_NOT_NATIONAL_STANDARD,NOT_AN_ENCODING_WRITE,NO_CNBE32_WRITE,NO_DATABASE_REBUILD,HUMAN_REVIEW_REQUIRED
8105_full_3730,攸,U+6538,3730,左中右,⿲亻丨攵,左右,3,⿰⿰亻丨攵,⿰亻丨 攵,TOOL_CONFLICT_REVIEW_REQUIRED,USER_SUPPLIED_PROGRAM_AGENT_REFERENCE_NOT_NATIONAL_STANDARD,NOT_AN_ENCODING_WRITE,NO_CNBE32_WRITE,NO_DATABASE_REBUILD,HUMAN_REVIEW_REQUIRED
8105_full_3744,奂,U+5942,3744,上下,⿱⺈央,上中下,2,⿳𠂊冂大,𠂊 冂 大,TOOL_CONFLICT_REVIEW_REQUIRED,USER_SUPPLIED_PROGRAM_AGENT_REFERENCE_NOT_NATIONAL_STANDARD,NOT_AN_ENCODING_WRITE,NO_CNBE32_WRITE,NO_DATABASE_REBUILD,HUMAN_REVIEW_REQUIRED
8105_full_3764,羌,U+7F8C,3764,左上包,⿸羊乚,独体字,0,羌,,TOOL_CONFLICT_REVIEW_REQUIRED,USER_SUPPLIED_PROGRAM_AGENT_REFERENCE_NOT_NATIONAL_STANDARD,NOT_AN_ENCODING_WRITE,NO_CNBE32_WRITE,NO_DATABASE_REBUILD,HUMAN_REVIEW_REQUIRED
8105_full_3870,茔,U+8314,3870,上中下,⿳艹冖土,上下,1,⿱𫇦土,𫇦 土,TOOL_CONFLICT_REVIEW_REQUIRED,USER_SUPPLIED_PROGRAM_AGENT_REFERENCE_NOT_NATIONAL_STANDARD,NOT_AN_ENCODING_WRITE,NO_CNBE32_WRITE,NO_DATABASE_REBUILD,HUMAN_REVIEW_REQUIRED
8105_full_3968,阜,U+961C,3968,上中下,⿳丿㠯十,上下,1,⿱𠂤十,𠂤 十,TOOL_CONFLICT_REVIEW_REQUIRED,USER_SUPPLIED_PROGRAM_AGENT_REFERENCE_NOT_NATIONAL_STANDARD,NOT_AN_ENCODING_WRITE,NO_CNBE32_WRITE,NO_DATABASE_REBUILD,HUMAN_REVIEW_REQUIRED
8105_full_3991,枭,U+67AD,3991,上下,⿱鸟木,右上包,6,⿹④木,④ 木,TOOL_CONFLICT_REVIEW_REQUIRED,USER_SUPPLIED_PROGRAM_AGENT_REFERENCE_NOT_NATIONAL_STANDARD,NOT_AN_ENCODING_WRITE,NO_CNBE32_WRITE,NO_DATABASE_REBUILD,HUMAN_REVIEW_REQUIRED
8105_full_4130,荥,U+8365,4130,上中下,⿳艹冖水,上下,1,⿱艹𠕽,艹 𠕽,TOOL_CONFLICT_REVIEW_REQUIRED,USER_SUPPLIED_PROGRAM_AGENT_REFERENCE_NOT_NATIONAL_STANDARD,NOT_AN_ENCODING_WRITE,NO_CNBE32_WRITE,NO_DATABASE_REBUILD,HUMAN_REVIEW_REQUIRED
8105_full_4134,剋,U+524B,4134,左右,⿰克刂,左下包,8,⿺克刂,克 刂,TOOL_CONFLICT_REVIEW_REQUIRED,USER_SUPPLIED_PROGRAM_AGENT_REFERENCE_NOT_NATIONAL_STANDARD,NOT_AN_ENCODING_WRITE,NO_CNBE32_WRITE,NO_DATABASE_REBUILD,HUMAN_REVIEW_REQUIRED
8105_full_4186,尜,U+5C1C,4186,上中下,⿳小大小,上下,1,⿱小夵,小 夵,TOOL_CONFLICT_REVIEW_REQUIRED,USER_SUPPLIED_PROGRAM_AGENT_REFERENCE_NOT_NATIONAL_STANDARD,NOT_AN_ENCODING_WRITE,NO_CNBE32_WRITE,NO_DATABASE_REBUILD,HUMAN_REVIEW_REQUIRED
8105_full_4276,爰,U+7230,4276,上下,⿱爫⿱一友,上中下,2,⿳爫一友,爫 一 友,TOOL_CONFLICT_REVIEW_REQUIRED,USER_SUPPLIED_PROGRAM_AGENT_REFERENCE_NOT_NATIONAL_STANDARD,NOT_AN_ENCODING_WRITE,NO_CNBE32_WRITE,NO_DATABASE_REBUILD,HUMAN_REVIEW_REQUIRED
8105_full_4302,胤,U+80E4,4302,镶嵌,⿻儿⿱幺⺼,左中右,4,⿲丿⿱幺月乚,丿 ⿱幺月 乚,TOOL_CONFLICT_REVIEW_REQUIRED,USER_SUPPLIED_PROGRAM_AGENT_REFERENCE_NOT_NATIONAL_STANDARD,NOT_AN_ENCODING_WRITE,NO_CNBE32_WRITE,NO_DATABASE_REBUILD,HUMAN_REVIEW_REQUIRED
8105_full_4314,彦,U+5F66,4314,上下,⿱产彡,左上包,5,⿸产彡,产 彡,TOOL_CONFLICT_REVIEW_REQUIRED,USER_SUPPLIED_PROGRAM_AGENT_REFERENCE_NOT_NATIONAL_STANDARD,NOT_AN_ENCODING_WRITE,NO_CNBE32_WRITE,NO_DATABASE_REBUILD,HUMAN_REVIEW_REQUIRED
8105_full_4568,倏,U+500F,4568,左上包,⿸攸犬,左右,3,⿰⿰亻丨⿱夂犬,⿰亻丨 ⿱夂犬,TOOL_CONFLICT_REVIEW_REQUIRED,USER_SUPPLIED_PROGRAM_AGENT_REFERENCE_NOT_NATIONAL_STANDARD,NOT_AN_ENCODING_WRITE,NO_CNBE32_WRITE,NO_DATABASE_REBUILD,HUMAN_REVIEW_REQUIRED
8105_full_4586,釜,U+91DC,4586,镶嵌,⿻父金,上下,1,⿱父⿻王丷,父 ⿻王丷,TOOL_CONFLICT_REVIEW_REQUIRED,USER_SUPPLIED_PROGRAM_AGENT_REFERENCE_NOT_NATIONAL_STANDARD,NOT_AN_ENCODING_WRITE,NO_CNBE32_WRITE,NO_DATABASE_REBUILD,HUMAN_REVIEW_REQUIRED
8105_full_4608,袅,U+8885,4608,上下,⿱鸟衣,右上包,6,⿹④衣,④ 衣,TOOL_CONFLICT_REVIEW_REQUIRED,USER_SUPPLIED_PROGRAM_AGENT_REFERENCE_NOT_NATIONAL_STANDARD,NOT_AN_ENCODING_WRITE,NO_CNBE32_WRITE,NO_DATABASE_REBUILD,HUMAN_REVIEW_REQUIRED
8105_full_4613,亳,U+4EB3,4613,上中下,⿳亠口⿱冖乇,上下,1,⿱⿳亠口冖乇,⿳亠口 冖 乇,TOOL_CONFLICT_REVIEW_REQUIRED,USER_SUPPLIED_PROGRAM_AGENT_REFERENCE_NOT_NATIONAL_STANDARD,NOT_AN_ENCODING_WRITE,NO_CNBE32_WRITE,NO_DATABASE_REBUILD,HUMAN_REVIEW_REQUIRED
8105_full_4622,衮,U+886E,4622,镶嵌,⿻衣公,上中下,2,⿳亠公𧘇,亠 公 𧘇,TOOL_CONFLICT_REVIEW_REQUIRED,USER_SUPPLIED_PROGRAM_AGENT_REFERENCE_NOT_NATIONAL_STANDARD,NOT_AN_ENCODING_WRITE,NO_CNBE32_WRITE,NO_DATABASE_REBUILD,HUMAN_REVIEW_REQUIRED
8105_full_4697,畚,U+755A,4697,上下,⿱⿱厶大田,上中下,2,⿳厶大田,厶 大 田,TOOL_CONFLICT_REVIEW_REQUIRED,USER_SUPPLIED_PROGRAM_AGENT_REFERENCE_NOT_NATIONAL_STANDARD,NOT_AN_ENCODING_WRITE,NO_CNBE32_WRITE,NO_DATABASE_REBUILD,HUMAN_REVIEW_REQUIRED
8105_full_4740,悫,U+60AB,4740,上中下,⿳士冗心,上下,1,⿱壳心,壳 心,TOOL_CONFLICT_REVIEW_REQUIRED,USER_SUPPLIED_PROGRAM_AGENT_REFERENCE_NOT_NATIONAL_STANDARD,NOT_AN_ENCODING_WRITE,NO_CNBE32_WRITE,NO_DATABASE_REBUILD,HUMAN_REVIEW_REQUIRED
8105_full_4767,萦,U+8426,4767,上中下,⿳艹冖糸,上下,1,⿱𫇦糸,𫇦 糸,TOOL_CONFLICT_REVIEW_REQUIRED,USER_SUPPLIED_PROGRAM_AGENT_REFERENCE_NOT_NATIONAL_STANDARD,NOT_AN_ENCODING_WRITE,NO_CNBE32_WRITE,NO_DATABASE_REBUILD,HUMAN_REVIEW_REQUIRED
8105_full_4788,戛,U+621B,4788,上中下,⿳一自戈,上下,1,⿱𦣻戈,𦣻 戈,TOOL_CONFLICT_REVIEW_REQUIRED,USER_SUPPLIED_PROGRAM_AGENT_REFERENCE_NOT_NATIONAL_STANDARD,NOT_AN_ENCODING_WRITE,NO_CNBE32_WRITE,NO_DATABASE_REBUILD,HUMAN_REVIEW_REQUIRED
8105_full_4944,袤,U+88A4,4944,镶嵌,⿻衣矛,上中下,2,⿳亠矛𧘇,亠 矛 𧘇,TOOL_CONFLICT_REVIEW_REQUIRED,USER_SUPPLIED_PROGRAM_AGENT_REFERENCE_NOT_NATIONAL_STANDARD,NOT_AN_ENCODING_WRITE,NO_CNBE32_WRITE,NO_DATABASE_REBUILD,HUMAN_REVIEW_REQUIRED
8105_full_5250,亵,U+4EB5,5250,全包围,⿴衣执,上中下,2,⿳亠执𧘇,亠 执 𧘇,TOOL_CONFLICT_REVIEW_REQUIRED,USER_SUPPLIED_PROGRAM_AGENT_REFERENCE_NOT_NATIONAL_STANDARD,NOT_AN_ENCODING_WRITE,NO_CNBE32_WRITE,NO_DATABASE_REBUILD,HUMAN_REVIEW_REQUIRED
8105_full_5252,裒,U+88D2,5252,镶嵌,⿻衣臼,上中下,2,⿳亠臼𧘇,亠 臼 𧘇,TOOL_CONFLICT_REVIEW_REQUIRED,USER_SUPPLIED_PROGRAM_AGENT_REFERENCE_NOT_NATIONAL_STANDARD,NOT_AN_ENCODING_WRITE,NO_CNBE32_WRITE,NO_DATABASE_REBUILD,HUMAN_REVIEW_REQUIRED
8105_full_5377,蓖,U+84D6,5377,上中下,⿳艹囟比,上下,1,⿱艹𣬉,艹 𣬉,TOOL_CONFLICT_REVIEW_REQUIRED,USER_SUPPLIED_PROGRAM_AGENT_REFERENCE_NOT_NATIONAL_STANDARD,NOT_AN_ENCODING_WRITE,NO_CNBE32_WRITE,NO_DATABASE_REBUILD,HUMAN_REVIEW_REQUIRED
8105_full_5390,蓥,U+84E5,5390,上中下,⿳艹冖金,上下,1,⿱𫇦金,𫇦 金,TOOL_CONFLICT_REVIEW_REQUIRED,USER_SUPPLIED_PROGRAM_AGENT_REFERENCE_NOT_NATIONAL_STANDARD,NOT_AN_ENCODING_WRITE,NO_CNBE32_WRITE,NO_DATABASE_REBUILD,HUMAN_REVIEW_REQUIRED
8105_full_5523,媵,U+5AB5,5523,左上包,⿸朕女,左右,3,⿰月⿱龹女,月 ⿱龹女,TOOL_CONFLICT_REVIEW_REQUIRED,USER_SUPPLIED_PROGRAM_AGENT_REFERENCE_NOT_NATIONAL_STANDARD,NOT_AN_ENCODING_WRITE,NO_CNBE32_WRITE,NO_DATABASE_REBUILD,HUMAN_REVIEW_REQUIRED
8105_full_5592,骞,U+9A9E,5592,上中下,⿳宀?马,上下,1,⿱𡨄马,𡨄 马,TOOL_CONFLICT_REVIEW_REQUIRED,USER_SUPPLIED_PROGRAM_AGENT_REFERENCE_NOT_NATIONAL_STANDARD,NOT_AN_ENCODING_WRITE,NO_CNBE32_WRITE,NO_DATABASE_REBUILD,HUMAN_REVIEW_REQUIRED
8105_full_5627,嫠,U+5AE0,5627,上下,⿱⿰未攵⿸厂女,左上包,5,⿸𠩺女,𠩺 女,TOOL_CONFLICT_REVIEW_REQUIRED,USER_SUPPLIED_PROGRAM_AGENT_REFERENCE_NOT_NATIONAL_STANDARD,NOT_AN_ENCODING_WRITE,NO_CNBE32_WRITE,NO_DATABASE_REBUILD,HUMAN_REVIEW_REQUIRED
8105_full_5657,斡,U+65A1,5657,左上包,⿸倝斗,左右,3,⿰𠦝⿱人斗,𠦝 ⿱人斗,TOOL_CONFLICT_REVIEW_REQUIRED,USER_SUPPLIED_PROGRAM_AGENT_REFERENCE_NOT_NATIONAL_STANDARD,NOT_AN_ENCODING_WRITE,NO_CNBE32_WRITE,NO_DATABASE_REBUILD,HUMAN_REVIEW_REQUIRED
8105_full_5692,睿,U+777F,5692,上下,⿱⿳⺊冖一⿳八人目,上中下,2,⿳𣦵八𥃦,𣦵 八 𥃦,TOOL_CONFLICT_REVIEW_REQUIRED,USER_SUPPLIED_PROGRAM_AGENT_REFERENCE_NOT_NATIONAL_STANDARD,NOT_AN_ENCODING_WRITE,NO_CNBE32_WRITE,NO_DATABASE_REBUILD,HUMAN_REVIEW_REQUIRED
8105_full_5879,瞢,U+77A2,5879,上下,⿱⿳艹罒冖目,上中下,2,⿳𦭝冖目,𦭝 冖 目,TOOL_CONFLICT_REVIEW_REQUIRED,USER_SUPPLIED_PROGRAM_AGENT_REFERENCE_NOT_NATIONAL_STANDARD,NOT_AN_ENCODING_WRITE,NO_CNBE32_WRITE,NO_DATABASE_REBUILD,HUMAN_REVIEW_REQUIRED
8105_full_5962,徵,U+5FB5,5962,左中右,⿲彳⿱山⿱一王攵,左右,3,⿰彳𢽠,彳 𢽠,TOOL_CONFLICT_REVIEW_REQUIRED,USER_SUPPLIED_PROGRAM_AGENT_REFERENCE_NOT_NATIONAL_STANDARD,NOT_AN_ENCODING_WRITE,NO_CNBE32_WRITE,NO_DATABASE_REBUILD,HUMAN_REVIEW_REQUIRED
8105_full_6066,橐,U+6A50,6066,上下,⿱?⿱冖⿱石木,上中下,2,⿳⿻一中冖䂞,⿻一中 冖 䂞,TOOL_CONFLICT_REVIEW_REQUIRED,USER_SUPPLIED_PROGRAM_AGENT_REFERENCE_NOT_NATIONAL_STANDARD,NOT_AN_ENCODING_WRITE,NO_CNBE32_WRITE,NO_DATABASE_REBUILD,HUMAN_REVIEW_REQUIRED
8105_full_6126,篦,U+7BE6,6126,上中下,⿳⺮囟比,上下,1,⿱竹𣬉,竹 𣬉,TOOL_CONFLICT_REVIEW_REQUIRED,USER_SUPPLIED_PROGRAM_AGENT_REFERENCE_NOT_NATIONAL_STANDARD,NOT_AN_ENCODING_WRITE,NO_CNBE32_WRITE,NO_DATABASE_REBUILD,HUMAN_REVIEW_REQUIRED
8105_full_6164,嬴,U+5B34,6164,上中下,⿳亡口⿲月女凡,上下,1,⿱吂⿲月女凡,吂 ⿲月女 凡,TOOL_CONFLICT_REVIEW_REQUIRED,USER_SUPPLIED_PROGRAM_AGENT_REFERENCE_NOT_NATIONAL_STANDARD,NOT_AN_ENCODING_WRITE,NO_CNBE32_WRITE,NO_DATABASE_REBUILD,HUMAN_REVIEW_REQUIRED
8105_full_6256,篾,U+7BFE,6256,上下,⿱⺮⿱罒戍,上中下,2,⿳竹罒戍,竹 罒 戍,TOOL_CONFLICT_REVIEW_REQUIRED,USER_SUPPLIED_PROGRAM_AGENT_REFERENCE_NOT_NATIONAL_STANDARD,NOT_AN_ENCODING_WRITE,NO_CNBE32_WRITE,NO_DATABASE_REBUILD,HUMAN_REVIEW_REQUIRED
8105_full_6259,簋,U+7C0B,6259,上下,⿱⺮⿱艮皿,上中下,2,⿳竹艮皿,竹 艮 皿,TOOL_CONFLICT_REVIEW_REQUIRED,USER_SUPPLIED_PROGRAM_AGENT_REFERENCE_NOT_NATIONAL_STANDARD,NOT_AN_ENCODING_WRITE,NO_CNBE32_WRITE,NO_DATABASE_REBUILD,HUMAN_REVIEW_REQUIRED
8105_full_6267,龠,U+9FA0,6267,上下,⿱亼?,上中下,2,⿳亼𠱠𠕁,亼 𠱠 𠕁,TOOL_CONFLICT_REVIEW_REQUIRED,USER_SUPPLIED_PROGRAM_AGENT_REFERENCE_NOT_NATIONAL_STANDARD,NOT_AN_ENCODING_WRITE,NO_CNBE32_WRITE,NO_DATABASE_REBUILD,HUMAN_REVIEW_REQUIRED
8105_full_6286,襄,U+8944,6286,上下,⿱⿱亠⿰口口⿱井衣,上中下,2,⿳亠⿱吅𠀎𧘇,亠 ⿱吅𠀎 𧘇,TOOL_CONFLICT_REVIEW_REQUIRED,USER_SUPPLIED_PROGRAM_AGENT_REFERENCE_NOT_NATIONAL_STANDARD,NOT_AN_ENCODING_WRITE,NO_CNBE32_WRITE,NO_DATABASE_REBUILD,HUMAN_REVIEW_REQUIRED
8105_full_6299,謇,U+8B07,6299,上中下,⿳宀?言,上下,1,⿱𡨄言,𡨄 言,TOOL_CONFLICT_REVIEW_REQUIRED,USER_SUPPLIED_PROGRAM_AGENT_REFERENCE_NOT_NATIONAL_STANDARD,NOT_AN_ENCODING_WRITE,NO_CNBE32_WRITE,NO_DATABASE_REBUILD,HUMAN_REVIEW_REQUIRED
8105_full_6351,雠,U+96E0,6351,镶嵌,⿻雔讠,左中右,4,⿲隹讠隹,隹 讠 隹,TOOL_CONFLICT_REVIEW_REQUIRED,USER_SUPPLIED_PROGRAM_AGENT_REFERENCE_NOT_NATIONAL_STANDARD,NOT_AN_ENCODING_WRITE,NO_CNBE32_WRITE,NO_DATABASE_REBUILD,HUMAN_REVIEW_REQUIRED
8105_full_6364,彝,U+5F5D,6364,上下,⿱彑⿱⿰米糸廾,上中下,2,⿳彑⿰米糸廾,彑 ⿰米糸 廾,TOOL_CONFLICT_REVIEW_REQUIRED,USER_SUPPLIED_PROGRAM_AGENT_REFERENCE_NOT_NATIONAL_STANDARD,NOT_AN_ENCODING_WRITE,NO_CNBE32_WRITE,NO_DATABASE_REBUILD,HUMAN_REVIEW_REQUIRED
8105_full_6457,夔,U+5914,6457,上中下,⿳?⿲止自巳夊,上下,1,⿱丷夒,丷 夒,TOOL_CONFLICT_REVIEW_REQUIRED,USER_SUPPLIED_PROGRAM_AGENT_REFERENCE_NOT_NATIONAL_STANDARD,NOT_AN_ENCODING_WRITE,NO_CNBE32_WRITE,NO_DATABASE_REBUILD,HUMAN_REVIEW_REQUIRED
8105_full_6489,衢,U+8862,6489,镶嵌,⿻行瞿,左中右,4,⿲彳瞿亍,彳 瞿 亍,TOOL_CONFLICT_REVIEW_REQUIRED,USER_SUPPLIED_PROGRAM_AGENT_REFERENCE_NOT_NATIONAL_STANDARD,NOT_AN_ENCODING_WRITE,NO_CNBE32_WRITE,NO_DATABASE_REBUILD,HUMAN_REVIEW_REQUIRED
8105_full_6584,尨,U+5C28,6584,左下包,⿺犬彡,左三包,7,⿷尤彡,尤 彡,TOOL_CONFLICT_REVIEW_REQUIRED,USER_SUPPLIED_PROGRAM_AGENT_REFERENCE_NOT_NATIONAL_STANDARD,NOT_AN_ENCODING_WRITE,NO_CNBE32_WRITE,NO_DATABASE_REBUILD,HUMAN_REVIEW_REQUIRED
8105_full_6588,芈,U+8288,6588,镶嵌,⿻羋?,上下,1,⿱艹⿻二丨,艹 ⿻二丨,TOOL_CONFLICT_REVIEW_REQUIRED,USER_SUPPLIED_PROGRAM_AGENT_REFERENCE_NOT_NATIONAL_STANDARD,NOT_AN_ENCODING_WRITE,NO_CNBE32_WRITE,NO_DATABASE_REBUILD,HUMAN_REVIEW_REQUIRED
8105_full_7015,脩,U+8129,7015,左上包,⿸攸⺼,左右,3,⿰⿰亻丨𡕙,⿰亻丨 𡕙,TOOL_CONFLICT_REVIEW_REQUIRED,USER_SUPPLIED_PROGRAM_AGENT_REFERENCE_NOT_NATIONAL_STANDARD,NOT_AN_ENCODING_WRITE,NO_CNBE32_WRITE,NO_DATABASE_REBUILD,HUMAN_REVIEW_REQUIRED
8105_full_7081,隺,U+96BA,7081,上下,⿱冖隹,镶嵌,12,⿻冖隹,冖 隹,TOOL_CONFLICT_REVIEW_REQUIRED,USER_SUPPLIED_PROGRAM_AGENT_REFERENCE_NOT_NATIONAL_STANDARD,NOT_AN_ENCODING_WRITE,NO_CNBE32_WRITE,NO_DATABASE_REBUILD,HUMAN_REVIEW_REQUIRED
8105_full_7592,溦,U+6EA6,7592,左中右,⿲氵⿳山一几攵,左右,3,⿰氵𢼸,氵 𢼸,TOOL_CONFLICT_REVIEW_REQUIRED,USER_SUPPLIED_PROGRAM_AGENT_REFERENCE_NOT_NATIONAL_STANDARD,NOT_AN_ENCODING_WRITE,NO_CNBE32_WRITE,NO_DATABASE_REBUILD,HUMAN_REVIEW_REQUIRED
8105_full_7653,疐,U+7590,7653,上下,⿱⿱⿱十冖田疋,上中下,2,⿳⿱十冖田疋,⿱十冖 田 疋,TOOL_CONFLICT_REVIEW_REQUIRED,USER_SUPPLIED_PROGRAM_AGENT_REFERENCE_NOT_NATIONAL_STANDARD,NOT_AN_ENCODING_WRITE,NO_CNBE32_WRITE,NO_DATABASE_REBUILD,HUMAN_REVIEW_REQUIRED
8105_full_7672,㬎,U+3B0E,7672,上中下,⿳日⿰幺幺灬,上下,1,⿱日𢇁,日 𢇁,TOOL_CONFLICT_REVIEW_REQUIRED,USER_SUPPLIED_PROGRAM_AGENT_REFERENCE_NOT_NATIONAL_STANDARD,NOT_AN_ENCODING_WRITE,NO_CNBE32_WRITE,NO_DATABASE_REBUILD,HUMAN_REVIEW_REQUIRED
8105_full_7982,釐,U+91D0,7982,上下,⿱?厘,左上包,5,⿸𠩺里,𠩺 里,TOOL_CONFLICT_REVIEW_REQUIRED,USER_SUPPLIED_PROGRAM_AGENT_REFERENCE_NOT_NATIONAL_STANDARD,NOT_AN_ENCODING_WRITE,NO_CNBE32_WRITE,NO_DATABASE_REBUILD,HUMAN_REVIEW_REQUIRED
